codigo_postal,balanced_kmeans,latitud,longitud,zone,subzone
08000,green,19.3952789306641,-99.0977783203125,Iztapalapa 1,1.0
08010,green,19.3940582275391,-99.0883560180664,Iztapalapa 1,1.0
08020,green,19.3866939544678,-99.0988693237305,Iztapalapa 1,3.0
08030,green,19.3903770446777,-99.0901107788086,Iztapalapa 1,1.0
08040,green,19.3832206726074,-99.0976028442383,Iztapalapa 1,3.0
08100,green,19.4045639038086,-99.0644683837891,Iztapalapa 1,1.0
08200,green,19.3992729187012,-99.1272964477539,Iztapalapa 1,3.0
08210,green,19.3984355926514,-99.126106262207,Iztapalapa 1,3.0
08220,green,19.3933353424072,-99.1308212280273,Iztapalapa 1,3.0
08230,green,19.3963050842285,-99.124382019043,Iztapalapa 1,3.0
08240,green,19.3928165435791,-99.1250915527344,Iztapalapa 1,3.0
08300,green,19.3994121551514,-99.1210021972656,Iztapalapa 1,3.0
08310,green,19.4046649932861,-99.1144714355469,Iztapalapa 1,3.0
08320,green,19.3992519378662,-99.114860534668,Iztapalapa 1,3.0
08400,green,19.4035873413086,-99.1030883789063,Iztapalapa 1,1.0
08420,green,19.4055652618408,-99.0801086425781,Iztapalapa 1,1.0
08500,green,19.4025077819824,-99.068733215332,Iztapalapa 1,1.0
08510,green,19.3925247192383,-99.0862121582031,Iztapalapa 1,1.0
08600,green,19.3898735046387,-99.1200256347656,Iztapalapa 1,3.0
08610,green,19.394323348999,-99.1194686889648,Iztapalapa 1,3.0
08620,green,19.3974990844727,-99.1173400878906,Iztapalapa 1,3.0
08650,green,19.3914680480957,-99.1160507202148,Iztapalapa 1,3.0
08700,green,19.3927364349365,-99.1130447387695,Iztapalapa 1,3.0
08710,green,19.3971672058105,-99.1118011474609,Iztapalapa 1,3.0
08720,green,19.3973979949951,-99.1098556518555,Iztapalapa 1,3.0
08730,green,19.395227432251,-99.1000366210938,Iztapalapa 1,1.0
08760,green,19.3884029388428,-99.1061172485352,Iztapalapa 1,3.0
08770,green,19.3897647857666,-99.1151351928711,Iztapalapa 1,3.0
08800,green,19.3886451721191,-99.1255874633789,Iztapalapa 1,3.0
08810,green,19.3863086700439,-99.1307067871094,Iztapalapa 1,3.0
08830,green,19.3807716369629,-99.1228790283203,Iztapalapa 1,3.0
08840,green,19.3784675598145,-99.1342620849609,Iztapalapa 1,3.0
08900,green,19.3864765167236,-99.1052856445313,Iztapalapa 1,3.0
08910,green,19.3880023956299,-99.1210174560547,Iztapalapa 1,3.0
08920,green,19.3881797790527,-99.1181030273438,Iztapalapa 1,3.0
08930,green,19.3852233886719,-99.113655090332,Iztapalapa 1,3.0
09000,green,19.3582801818848,-99.0934143066406,Iztapalapa 1,2.0
09010,green,19.389440536499,-99.0816268920898,Iztapalapa 1,1.0
09020,green,19.3884925842285,-99.0784683227539,Iztapalapa 1,1.0
09030,green,19.3849449157715,-99.0862731933594,Iztapalapa 1,1.0
09040,green,19.3733673095703,-99.0880584716797,Iztapalapa 1,1.0
09060,green,19.362174987793,-99.1122894287109,Iztapalapa 1,2.0
09070,green,19.3656349182129,-99.1060180664063,Iztapalapa 1,2.0
09080,green,19.3594570159912,-99.1244430541992,Iztapalapa 1,3.0
09089,green,19.3636226654053,-99.1246643066406,Iztapalapa 1,3.0
09090,green,19.3623046875,-99.1176605224609,Iztapalapa 1,3.0
09099,green,19.3578433990479,-99.1194610595703,Iztapalapa 1,2.0
09100,blue,19.3915367126465,-99.0435409545898,Iztapalapa 1,2.0
09130,blue,19.3832263946533,-99.0266647338867,Iztapalapa 1,3.0
09140,red,19.3780460357666,-99.015739440918,Iztapalapa 1,3.0
09180,red,19.3666648864746,-98.9983596801758,Iztapalapa 1,3.0
09200,blue,19.3571662902832,-99.0556182861328,Iztapalapa 1,1.0
09208,blue,19.3758659362793,-99.0520782470703,Iztapalapa 1,2.0
09209,blue,19.3670616149902,-99.0506362915039,Iztapalapa 1,3.0
09210,blue,19.3912010192871,-99.0529022216797,Iztapalapa 1,2.0
09220,blue,19.3870849609375,-99.0492553710938,Iztapalapa 1,2.0
09230,red,19.3734321594238,-99.0276336669922,Iztapalapa 1,3.0
09239,red,19.3695373535156,-99.0278701782227,Iztapalapa 1,3.0
09240,blue,19.3581924438477,-99.0668029785156,Iztapalapa 1,1.0
09250,blue,19.3531551361084,-99.065055847168,Iztapalapa 1,1.0
09260,blue,19.3492813110352,-99.0613632202148,Iztapalapa 1,1.0
09270,blue,19.3458156585693,-99.0559158325195,Iztapalapa 1,1.0
09280,blue,19.3445625305176,-99.0523529052734,Iztapalapa 1,1.0
09290,blue,19.3460292816162,-99.0444717407227,Iztapalapa 1,1.0
09300,green,19.3723945617676,-99.0763549804688,Iztapalapa 1,1.0
09310,blue,19.3788394927979,-99.0680847167969,Iztapalapa 1,2.0
09319,green,19.3847484588623,-99.0733184814453,Iztapalapa 1,1.0
09320,blue,19.3749237060547,-99.0636444091797,Iztapalapa 1,2.0
09350,blue,19.3549098968506,-99.0695648193359,Iztapalapa 1,1.0
09359,blue,19.3606586456299,-99.067024230957,Iztapalapa 1,1.0
09360,green,19.3584728240967,-99.0785369873047,Iztapalapa 1,2.0
09400,green,19.3738803863525,-99.1193237304688,Iztapalapa 1,3.0
09410,green,19.3754062652588,-99.1113052368164,Iztapalapa 1,3.0
09420,green,19.3771533966064,-99.1057281494141,Iztapalapa 1,3.0
09429,green,19.3807735443115,-99.1095962524414,Iztapalapa 1,3.0
09430,green,19.3814277648926,-99.1163330078125,Iztapalapa 1,3.0
09438,green,19.3763065338135,-99.1162261962891,Iztapalapa 1,3.0
09440,green,19.3725662231445,-99.1345138549805,Iztapalapa 1,3.0
09450,green,19.3641548156738,-99.1375503540039,Iztapalapa 1,3.0
09460,green,19.3648357391357,-99.1345291137695,Iztapalapa 1,3.0
09470,green,19.3612289428711,-99.1322937011719,Iztapalapa 1,3.0
09479,green,19.3639869689941,-99.1295852661133,Iztapalapa 1,3.0
09480,green,19.3581314086914,-99.1381759643555,Iztapalapa 1,3.0
09500,red,19.3486595153809,-99.0229187011719,Iztapalapa 1,2.0
09510,red,19.3592166900635,-99.0067749023438,Iztapalapa 1,3.0
09520,red,19.3641204833984,-99.0141525268555,Iztapalapa 1,3.0
09530,red,19.3703594207764,-99.0187301635742,Iztapalapa 1,3.0
09550,red,19.3546199798584,-99.0212860107422,Iztapalapa 1,3.0
09560,red,19.3559970855713,-99.0182266235352,Iztapalapa 1,3.0
09570,blue,19.3593654632568,-99.0329971313477,Iztapalapa 1,3.0
09578,blue,19.3683052062988,-99.0373992919922,Iztapalapa 1,3.0
09600,red,19.3529891967773,-99.0046005249023,Iztapalapa 1,1.0
09608,red,19.3531017303467,-99.0088119506836,Iztapalapa 1,3.0
09609,red,19.3465194702148,-99.0097808837891,Iztapalapa 1,2.0
09620,red,19.3531322479248,-98.9979782104492,Iztapalapa 1,1.0
09630,red,19.3432865142822,-98.9897079467773,Iztapalapa 1,1.0
09637,red,19.328311920166,-98.9741821289063,Iztapalapa 1,1.0
09638,red,19.3364639282227,-98.9802780151367,Iztapalapa 1,1.0
09640,red,19.33616065979,-99.0060195922852,Iztapalapa 1,2.0
09648,red,19.3350982666016,-99.0036697387695,Iztapalapa 1,1.0
09660,red,19.3416442871094,-99.0230178833008,Iztapalapa 1,2.0
09670,red,19.3354473114014,-99.0265808105469,Iztapalapa 1,2.0
09680,red,19.3299007415772,-99.0205612182617,Iztapalapa 1,2.0
09689,red,19.3254947662354,-99.0161514282227,Iztapalapa 1,2.0
09690,red,19.340202331543,-98.9982299804688,Iztapalapa 1,1.0
09696,red,19.3399257659912,-98.9995346069336,Iztapalapa 1,1.0
09698,red,19.3431758880615,-99.0035781860352,Iztapalapa 1,1.0
09700,red,19.3278198242188,-99.0293121337891,Iztapalapa 1,2.0
09704,red,19.3176574707031,-99.0426635742188,Iztapalapa 1,2.0
09705,red,19.3168106079102,-99.0388641357422,Iztapalapa 1,2.0
09706,red,19.3251552581787,-99.0343399047852,Iztapalapa 1,2.0
09708,blue,19.3250427246094,-99.0489654541016,Iztapalapa 1,1.0
09709,red,19.3297176361084,-99.0352554321289,Iztapalapa 1,2.0
09710,blue,19.3421096801758,-99.0602722167969,Iztapalapa 1,1.0
09720,blue,19.3395195007324,-99.0542144775391,Iztapalapa 1,1.0
09730,red,19.3394870758057,-99.0310211181641,Iztapalapa 1,2.0
09740,blue,19.3323879241943,-99.060920715332,Iztapalapa 1,1.0
09750,blue,19.3372974395752,-99.0502243041992,Iztapalapa 1,1.0
09760,gold,19.324800491333,-99.0579223632813,Iztapalapa 1,2.0
09769,gold,19.3216133117676,-99.0515213012695,Iztapalapa 1,2.0
09770,gold,19.3268775939941,-99.065299987793,Iztapalapa 1,2.0
09780,gold,19.3181991577148,-99.0610885620117,Iztapalapa 1,2.0
09790,gold,19.31276512146,-99.0662536621094,Iztapalapa 1,2.0
09800,green,19.3392429351807,-99.1066665649414,Iztapalapa 1,2.0
09810,green,19.3520946502686,-99.1100921630859,Iztapalapa 1,2.0
09819,green,19.3472156524658,-99.1143493652344,Iztapalapa 1,2.0
09820,green,19.3536930084229,-99.0931396484375,Iztapalapa 1,2.0
09828,green,19.35373878479,-99.1009902954102,Iztapalapa 1,2.0
09829,green,19.3516387939453,-99.0953369140625,Iztapalapa 1,2.0
09830,blue,19.3441181182861,-99.0671234130859,Iztapalapa 1,1.0
09837,green,19.3516635894775,-99.078857421875,Iztapalapa 1,2.0
09838,green,19.3528938293457,-99.0847091674805,Iztapalapa 1,2.0
09839,blue,19.3376808166504,-99.0704879760742,Iztapalapa 1,1.0
09840,green,19.3452739715576,-99.1098480224609,Iztapalapa 1,2.0
09849,green,19.3447399139404,-99.1035842895508,Iztapalapa 1,2.0
09850,green,19.3342361450195,-99.0835494995117,Iztapalapa 1,2.0
09856,green,19.3507556915283,-99.0886917114258,Iztapalapa 1,2.0
09858,green,19.346212387085,-99.0802536010742,Iztapalapa 1,2.0
09859,gold,19.3293075561523,-99.0805282592773,Iztapalapa 1,2.0
09860,gold,19.3217086791992,-99.0765380859375,Iztapalapa 1,2.0
09868,gold,19.3280639648438,-99.0708923339844,Iztapalapa 1,2.0
09870,green,19.3298168182373,-99.104866027832,Iztapalapa 1,2.0
09880,gold,19.3167705535889,-99.0812072753906,Iztapalapa 1,2.0
09890,gold,19.3204784393311,-99.0936584472656,Iztapalapa 1,2.0
09897,gold,19.3128528594971,-99.0909271240234,Iztapalapa 1,2.0
09900,gold,19.3136386871338,-99.0708465576172,Iztapalapa 1,2.0
09910,gold,19.3115921020508,-99.0795745849609,Iztapalapa 1,2.0
09920,gold,19.3071136474609,-99.0817947387695,Iztapalapa 1,2.0
09930,gold,19.3012714385986,-99.0660400390625,Iztapalapa 1,2.0
09940,gold,19.2965755462647,-99.0725708007813,Iztapalapa 1,2.0
09960,gold,19.2906265258789,-99.0675277709961,Iztapalapa 1,2.0
09969,gold,19.2928581237793,-99.0720672607422,Iztapalapa 1,2.0
09970,gold,19.3003959655762,-99.078483581543,Iztapalapa 1,2.0
13000,gold,19.2738132476807,-99.0058975219727,Iztapalapa 1,1.0
13010,gold,19.278434753418,-99.0051116943359,Iztapalapa 1,1.0
13020,gold,19.2757377624512,-98.9988403320313,Iztapalapa 1,1.0
13030,gold,19.2710247039795,-99.0078811645508,Iztapalapa 1,1.0
13040,gold,19.2708873748779,-99.0015335083008,Iztapalapa 1,1.0
13050,gold,19.2684230804443,-98.9958724975586,Iztapalapa 1,1.0
13060,gold,19.2678527832031,-99.0099563598633,Iztapalapa 1,1.0
13070,gold,19.2682323455811,-99.0010299682617,Iztapalapa 1,1.0
13080,gold,19.2644348144531,-99.0072937011719,Iztapalapa 1,1.0
13090,gold,19.2602672576904,-99.0048370361328,Iztapalapa 1,1.0
13093,gold,19.2563724517822,-99.0086822509766,Iztapalapa 1,1.0
13094,gold,19.2601261138916,-99.012336730957,Iztapalapa 1,1.0
13099,gold,19.2645359039307,-99.0021667480469,Iztapalapa 1,1.0
13100,red,19.3113117218018,-98.9708709716797,Iztapalapa 1,1.0
13110,red,19.324348449707,-98.976188659668,Iztapalapa 1,1.0
13119,red,19.3255558013916,-98.9767532348633,Iztapalapa 1,1.0
13120,red,19.3198356628418,-98.9631271362305,Iztapalapa 1,1.0
13123,red,19.3185577392578,-98.9706192016602,Iztapalapa 1,1.0
13129,red,19.3212699890137,-98.9729537963867,Iztapalapa 1,1.0
13150,red,19.312162399292,-98.966194152832,Iztapalapa 1,1.0
13180,red,19.3087463378906,-98.9735794067383,Iztapalapa 1,1.0
13200,gold,19.2903614044189,-99.0465621948242,Iztapalapa 1,1.0
13210,gold,19.3013706207275,-99.0584716796875,Iztapalapa 1,2.0
13219,gold,19.3041667938232,-99.0541687011719,Iztapalapa 1,2.0
13220,gold,19.2991504669189,-99.0536270141602,Iztapalapa 1,2.0
13230,gold,19.2989597320557,-99.0622711181641,Iztapalapa 1,2.0
13250,gold,19.293327331543,-99.0602798461914,Iztapalapa 1,2.0
13270,gold,19.2880153656006,-99.0593109130859,Iztapalapa 1,2.0
13273,gold,19.2830562591553,-99.0410079956055,Iztapalapa 1,1.0
13278,gold,19.2797946929932,-99.0523071289063,Iztapalapa 1,1.0
13280,gold,19.2913455963135,-99.0522308349609,Iztapalapa 1,2.0
13300,gold,19.2982406616211,-99.0390625,Iztapalapa 1,1.0
13310,red,19.3081817626953,-99.0382690429688,Iztapalapa 1,2.0
13315,red,19.3094062805176,-99.0369033813477,Iztapalapa 1,2.0
13319,gold,19.3092422485352,-99.0433349609375,Iztapalapa 1,2.0
13360,gold,19.293436050415,-99.0387649536133,Iztapalapa 1,1.0
13400,gold,19.2991008758545,-99.0152130126953,Iztapalapa 1,1.0
13410,gold,19.3033027648926,-99.0199127197266,Iztapalapa 1,1.0
13419,gold,19.3021755218506,-99.0215835571289,Iztapalapa 1,1.0
13420,gold,19.2861709594727,-99.0048751831055,Iztapalapa 1,1.0
13430,gold,19.288667678833,-98.9949417114258,Iztapalapa 1,1.0
13440,gold,19.2976245880127,-99.0231628417969,Iztapalapa 1,1.0
13450,gold,19.2937564849854,-99.0139923095703,Iztapalapa 1,1.0
13460,gold,19.2853622436523,-99.0109405517578,Iztapalapa 1,1.0
13508,gold,19.2365608215332,-98.9948654174805,Iztapalapa 1,1.0
13509,gold,19.2397270202637,-98.9970245361328,Iztapalapa 1,1.0
13510,gold,19.247875213623,-98.9969863891602,Iztapalapa 1,1.0
13520,gold,19.2465476989746,-99.0015563964844,Iztapalapa 1,1.0
13529,gold,19.2641353607178,-98.998405456543,Iztapalapa 1,1.0
13530,gold,19.2304935455322,-98.9985809326172,Iztapalapa 1,1.0
13540,gold,19.237756729126,-99.0030899047852,Iztapalapa 1,1.0
13545,gold,19.2376842498779,-98.9990310668945,Iztapalapa 1,1.0
13546,gold,19.2440528869629,-99.0090942382813,Iztapalapa 1,1.0
13549,gold,19.2292327880859,-99.0054550170898,Iztapalapa 1,1.0
13550,gold,19.2303371429443,-98.9901504516602,Iztapalapa 1,1.0
13600,gold,19.2269630432129,-98.9616012573242,Iztapalapa 1,1.0
13610,gold,19.2286911010742,-98.9671630859375,Iztapalapa 1,1.0
13625,gold,19.2235431671143,-98.9518127441406,Iztapalapa 1,1.0
13630,gold,19.2239646911621,-98.9674377441406,Iztapalapa 1,1.0
13640,gold,19.2226715087891,-98.9635238647461,Iztapalapa 1,1.0
13700,gold,19.2206382751465,-98.9710693359375,Iztapalapa 1,1.0
15000,red,19.4119834899902,-99.0933227539063,Nezahualcoyotl,2.0
15010,red,19.4167823791504,-99.0938873291016,Nezahualcoyotl,2.0
15020,gold,19.4096260070801,-99.084114074707,Nezahualcoyotl,3.0
15100,red,19.4325637817383,-99.1233062744141,Nezahualcoyotl,2.0
15200,red,19.4487762451172,-99.1174011230469,Nezahualcoyotl,2.0
15210,red,19.45725440979,-99.1199417114258,Nezahualcoyotl,2.0
15220,red,19.4540634155273,-99.1231155395508,Nezahualcoyotl,2.0
15230,red,19.4500999450684,-99.1193161010742,Nezahualcoyotl,2.0
15240,red,19.4462051391602,-99.1160736083984,Nezahualcoyotl,2.0
15250,red,19.4483108520508,-99.1132583618164,Nezahualcoyotl,2.0
15260,red,19.4425964355469,-99.1143493652344,Nezahualcoyotl,2.0
15270,red,19.445728302002,-99.1234970092773,Nezahualcoyotl,2.0
15280,red,19.4351043701172,-99.1135711669922,Nezahualcoyotl,2.0
15290,red,19.4327239990234,-99.1159896850586,Nezahualcoyotl,2.0
15300,red,19.443675994873,-99.1088180541992,Nezahualcoyotl,2.0
15309,red,19.4493770599365,-99.1066513061523,Nezahualcoyotl,2.0
15310,red,19.4531841278076,-99.1132736206055,Nezahualcoyotl,2.0
15320,red,19.4381256103516,-99.1078033447266,Nezahualcoyotl,2.0
15330,red,19.4404487609863,-99.106689453125,Nezahualcoyotl,2.0
15339,red,19.4436073303223,-99.1053924560547,Nezahualcoyotl,2.0
15340,red,19.4398784637451,-99.1115264892578,Nezahualcoyotl,2.0
15350,red,19.4363193511963,-99.1180191040039,Nezahualcoyotl,2.0
15370,red,19.4366416931152,-99.1074981689453,Nezahualcoyotl,2.0
15380,red,19.4322853088379,-99.1133193969727,Nezahualcoyotl,2.0
15390,red,19.429801940918,-99.1150665283203,Nezahualcoyotl,2.0
15400,red,19.4411373138428,-99.098030090332,Nezahualcoyotl,2.0
15410,red,19.4488124847412,-99.0971527099609,Nezahualcoyotl,2.0
15420,red,19.4471588134766,-99.1011428833008,Nezahualcoyotl,2.0
15430,red,19.447437286377,-99.0915069580078,Nezahualcoyotl,1.0
15440,red,19.445198059082,-99.1015319824219,Nezahualcoyotl,2.0
15450,red,19.4427013397217,-99.1038589477539,Nezahualcoyotl,2.0
15460,red,19.4392375946045,-99.103874206543,Nezahualcoyotl,2.0
15470,red,19.4360122680664,-99.1063690185547,Nezahualcoyotl,2.0
15500,red,19.4270839691162,-99.1065979003906,Nezahualcoyotl,2.0
15510,red,19.4428634643555,-99.0802612304688,Nezahualcoyotl,1.0
15520,red,19.4413318634033,-99.0778350830078,Nezahualcoyotl,1.0
15530,red,19.4336738586426,-99.0982513427734,Nezahualcoyotl,2.0
15540,red,19.4227981567383,-99.0972595214844,Nezahualcoyotl,2.0
15600,gold,19.425838470459,-99.0634307861328,Nezahualcoyotl,2.0
15610,gold,19.4221744537354,-99.0657424926758,Nezahualcoyotl,3.0
15620,gold,19.4207630157471,-99.0752716064453,Nezahualcoyotl,3.0
15630,gold,19.4266529083252,-99.0698089599609,Nezahualcoyotl,2.0
15640,gold,19.431303024292,-99.0579223632813,Nezahualcoyotl,2.0
15650,gold,19.4285182952881,-99.0679702758789,Nezahualcoyotl,2.0
15660,gold,19.4284172058105,-99.057258605957,Nezahualcoyotl,2.0
15670,gold,19.4198398590088,-99.0725173950195,Nezahualcoyotl,3.0
15680,gold,19.4235286712647,-99.0557632446289,Nezahualcoyotl,2.0
15700,red,19.4235610961914,-99.0881729125977,Nezahualcoyotl,2.0
15710,red,19.4211597442627,-99.0933532714844,Nezahualcoyotl,2.0
15730,red,19.4164047241211,-99.0852279663086,Nezahualcoyotl,2.0
15740,gold,19.4142398834229,-99.0784606933594,Nezahualcoyotl,3.0
15750,gold,19.4111576080322,-99.0770797729492,Nezahualcoyotl,3.0
15800,red,19.406494140625,-99.1232147216797,Nezahualcoyotl,2.0
15810,red,19.4217758178711,-99.1242141723633,Nezahualcoyotl,2.0
15820,red,19.4167976379395,-99.125602722168,Nezahualcoyotl,2.0
15830,red,19.4115772247314,-99.1261749267578,Nezahualcoyotl,2.0
15840,red,19.4106578826904,-99.1234359741211,Nezahualcoyotl,2.0
15850,red,19.408145904541,-99.1182479858398,Nezahualcoyotl,2.0
15860,red,19.4108695983887,-99.1164932250977,Nezahualcoyotl,2.0
15870,red,19.4128017425537,-99.1229248046875,Nezahualcoyotl,2.0
15900,red,19.4166679382324,-99.1138916015625,Nezahualcoyotl,2.0
15960,red,19.4258918762207,-99.1154556274414,Nezahualcoyotl,2.0
15970,red,19.4197406768799,-99.1162261962891,Nezahualcoyotl,2.0
15980,red,19.4156684875488,-99.1163940429688,Nezahualcoyotl,2.0
15990,red,19.4122657775879,-99.1186370849609,Nezahualcoyotl,2.0
16000,gold,19.269157409668,-99.1047515869141,Iztapalapa 1,2.0
16010,gold,19.2791156768799,-99.1277236938477,Iztapalapa 1,2.0
16020,gold,19.2749996185303,-99.1388854980469,Iztapalapa 1,2.0
16029,gold,19.2648983001709,-99.1324615478516,Iztapalapa 1,2.0
16030,gold,19.2691135406494,-99.1196899414063,Iztapalapa 1,2.0
16034,gold,19.281530380249,-99.1162338256836,Iztapalapa 1,2.0
16035,gold,19.2822208404541,-99.1209106445313,Iztapalapa 1,2.0
16036,gold,19.2995414733887,-99.0980911254883,Iztapalapa 1,2.0
16038,gold,19.2700901031494,-99.1129531860352,Iztapalapa 1,2.0
16040,gold,19.2669811248779,-99.0938873291016,Iztapalapa 1,2.0
16050,gold,19.2559776306152,-99.114875793457,Iztapalapa 1,2.0
16059,gold,19.2610244750977,-99.1202239990234,Iztapalapa 1,2.0
16060,gold,19.2604007720947,-99.1323776245117,Iztapalapa 1,2.0
16070,gold,19.2622375488281,-99.1028900146484,Iztapalapa 1,2.0
16080,gold,19.2634830474854,-99.0950164794922,Iztapalapa 1,2.0
16090,gold,19.259033203125,-99.0880126953125,Iztapalapa 1,2.0
16100,gold,19.2564926147461,-99.1310958862305,Iztapalapa 1,2.0
16200,gold,19.2480792999268,-99.121826171875,Iztapalapa 1,2.0
16210,gold,19.2527446746826,-99.1177139282227,Iztapalapa 1,2.0
16300,gold,19.2416210174561,-99.1148986816406,Iztapalapa 1,2.0
16310,gold,19.2430801391602,-99.1164169311523,Iztapalapa 1,2.0
16320,gold,19.2426795959473,-99.1068496704102,Iztapalapa 1,2.0
16340,gold,19.2424907684326,-99.1064300537109,Iztapalapa 1,2.0
16400,gold,19.2428245544434,-99.1003265380859,Iztapalapa 1,2.0
16410,gold,19.2467784881592,-99.098388671875,Iztapalapa 1,2.0
16420,gold,19.2501945495605,-99.0897064208984,Iztapalapa 1,2.0
16428,gold,19.2443752288818,-99.0878524780273,Iztapalapa 1,2.0
16429,gold,19.2461948394775,-99.0850296020508,Iztapalapa 1,2.0
16430,gold,19.2495918273926,-99.0866622924805,Iztapalapa 1,2.0
16440,gold,19.2475757598877,-99.0863952636719,Iztapalapa 1,2.0
16443,gold,19.2463989257813,-99.082405090332,Iztapalapa 1,2.0
16450,gold,19.2460479736328,-99.091926574707,Iztapalapa 1,2.0
16457,gold,19.2420444488525,-99.0884780883789,Iztapalapa 1,2.0
16459,gold,19.2345218658447,-99.0901489257813,Iztapalapa 1,2.0
16500,gold,19.2457637786865,-99.0756454467773,Iztapalapa 1,1.0
16513,gold,19.2467555999756,-99.0753631591797,Iztapalapa 1,1.0
16514,gold,19.2537727355957,-99.0702896118164,Iztapalapa 1,1.0
16520,gold,19.2289047241211,-99.0874557495117,Iztapalapa 1,1.0
16530,gold,19.2396430969238,-99.0751419067383,Iztapalapa 1,1.0
16533,gold,19.245792388916,-99.0696868896484,Iztapalapa 1,1.0
16550,gold,19.2242832183838,-99.0936126708984,Iztapalapa 1,2.0
16600,gold,19.2531757354736,-99.055419921875,Iztapalapa 1,1.0
16604,gold,19.2524833679199,-99.0462799072266,Iztapalapa 1,1.0
16605,gold,19.2457904815674,-99.0525894165039,Iztapalapa 1,1.0
16606,gold,19.2482986450195,-99.0601959228516,Iztapalapa 1,1.0
16607,gold,19.2497539520264,-99.0626449584961,Iztapalapa 1,1.0
16609,gold,19.2538013458252,-99.0413055419922,Iztapalapa 1,1.0
16610,gold,19.2574424743652,-99.0381927490234,Iztapalapa 1,1.0
16614,gold,19.2508373260498,-99.040397644043,Iztapalapa 1,1.0
16615,gold,19.2519493103027,-99.045768737793,Iztapalapa 1,1.0
16616,gold,19.2533950805664,-99.0462951660156,Iztapalapa 1,1.0
16617,gold,19.2577342987061,-99.0428619384766,Iztapalapa 1,1.0
16620,gold,19.2511577606201,-99.0320663452148,Iztapalapa 1,1.0
16629,gold,19.2544822692871,-99.0344772338867,Iztapalapa 1,1.0
16630,gold,19.2572975158691,-99.0679626464844,Iztapalapa 1,1.0
16640,gold,19.2537269592285,-99.0661315917969,Iztapalapa 1,1.0
16710,gold,19.2604579925537,-99.0270614624023,Iztapalapa 1,1.0
16720,gold,19.2506999969482,-99.0288848876953,Iztapalapa 1,1.0
16739,gold,19.2568626403809,-99.0128784179688,Iztapalapa 1,1.0
16740,gold,19.2546405792236,-99.0141525268555,Iztapalapa 1,1.0
16749,gold,19.2592067718506,-99.0184326171875,Iztapalapa 1,1.0
16750,gold,19.2520961761475,-99.0093688964844,Iztapalapa 1,1.0
16770,gold,19.253698348999,-99.02099609375,Iztapalapa 1,1.0
16776,gold,19.2518081665039,-99.0227432250977,Iztapalapa 1,1.0
16780,gold,19.2466449737549,-99.0235443115234,Iztapalapa 1,1.0
16797,gold,19.2500114440918,-99.0090942382813,Iztapalapa 1,1.0
16799,gold,19.2423191070557,-99.0150375366211,Iztapalapa 1,1.0
16800,gold,19.2305316925049,-99.1182098388672,Iztapalapa 1,2.0
16810,gold,19.2266845703125,-99.1075134277344,Iztapalapa 1,2.0
16813,gold,19.2270107269287,-99.1090316772461,Iztapalapa 1,2.0
16840,gold,19.2235870361328,-99.1187210083008,Iztapalapa 1,2.0
16850,gold,19.22243309021,-99.1098709106445,Iztapalapa 1,2.0
16860,gold,19.2192363739014,-99.1220855712891,Iztapalapa 1,2.0
16880,gold,19.2187767028809,-99.0973510742188,Iztapalapa 1,2.0
16900,gold,19.1990795135498,-99.117317199707,Iztapalapa 1,2.0
54400,gold,19.6259117126465,-99.3169097900391,Cuautitlan,2.0
54402,gold,19.6112575531006,-99.3003234863281,Cuautitlan,2.0
54405,gold,19.6293697357178,-99.3053665161133,Cuautitlan,2.0
54407,gold,19.6416778564453,-99.3014755249023,Cuautitlan,2.0
54408,gold,19.6426239013672,-99.3129272460938,Cuautitlan,2.0
54409,gold,19.6327781677246,-99.3110046386719,Cuautitlan,2.0
54410,gold,19.6252269744873,-99.2948226928711,Cuautitlan,2.0
54413,gold,19.6224365234375,-99.3046722412109,Cuautitlan,2.0
54414,gold,19.6269149780273,-99.2987289428711,Cuautitlan,2.0
54416,gold,19.631290435791,-99.2826080322266,Cuautitlan,2.0
54417,gold,19.640064239502,-99.2947006225586,Cuautitlan,2.0
54420,gold,19.6168060302734,-99.3088760375977,Cuautitlan,2.0
54424,gold,19.5870418548584,-99.3332977294922,Cuautitlan,2.0
54425,gold,19.6118946075439,-99.3132476806641,Cuautitlan,2.0
54426,gold,19.6115474700928,-99.3297271728516,Cuautitlan,2.0
54430,gold,19.62522315979,-99.4152984619141,Cuautitlan,2.0
54434,gold,19.6225967407227,-99.3230972290039,Cuautitlan,2.0
54435,gold,19.6213874816895,-99.3270492553711,Cuautitlan,2.0
54439,gold,19.5746078491211,-99.4139556884766,Cuautitlan,2.0
54440,gold,19.6892547607422,-99.3570785522461,Cuautitlan,2.0
54448,gold,19.6841945648193,-99.375846862793,Cuautitlan,2.0
54449,gold,19.6577606201172,-99.383415222168,Cuautitlan,2.0
54455,gold,19.638111114502,-99.3426055908203,Cuautitlan,2.0
54457,gold,19.6316947937012,-99.3274307250977,Cuautitlan,2.0
54459,gold,19.6292877197266,-99.3365478515625,Cuautitlan,2.0
54460,gold,19.634126663208,-99.3535232543945,Cuautitlan,2.0
54463,gold,19.6085872650147,-99.3563079833984,Cuautitlan,2.0
54464,gold,19.6392688751221,-99.3779525756836,Cuautitlan,2.0
54466,gold,19.59157371521,-99.2838821411133,Cuautitlan,2.0
54467,gold,19.6005706787109,-99.2901382446289,Cuautitlan,2.0
54469,gold,19.5990200042725,-99.3117141723633,Cuautitlan,2.0
54470,gold,19.6190624237061,-99.2936706542969,Cuautitlan,2.0
54473,gold,19.5990142822266,-99.2736663818359,Cuautitlan,2.0
54474,gold,19.6032028198242,-99.2871780395508,Cuautitlan,2.0
54475,gold,19.6057662963867,-99.2928314208984,Cuautitlan,2.0
54476,gold,19.606351852417,-99.2686233520508,Cuautitlan,2.0
54477,gold,19.612943649292,-99.2920608520508,Cuautitlan,2.0
54539,gold,19.6203365325928,-99.3011474609375,Cuautitlan,2.0
54600,gold,19.7063388824463,-99.2520370483398,Cuautitlan,2.0
54602,gold,19.6970233917236,-99.2481536865234,Cuautitlan,2.0
54603,gold,19.7054958343506,-99.2333068847656,Cuautitlan,2.0
54604,gold,19.7293262481689,-99.2353439331055,Cuautitlan,2.0
54605,gold,19.7144889831543,-99.2128524780273,Cuautitlan,1.0
54607,gold,19.7340393066406,-99.2248916625977,Cuautitlan,1.0
54608,gold,19.7117652893066,-99.2295913696289,Cuautitlan,2.0
54610,gold,19.7216663360596,-99.2084732055664,Cuautitlan,1.0
54614,gold,19.7284736633301,-99.2002105712891,Cuautitlan,1.0
54616,gold,19.7321128845215,-99.2042999267578,Cuautitlan,1.0
54640,gold,19.6296405792236,-99.3371276855469,Cuautitlan,2.0
54645,gold,19.7078723907471,-99.2147369384766,Cuautitlan,2.0
54650,gold,19.6901016235352,-99.2718200683594,Cuautitlan,2.0
54655,gold,19.697566986084,-99.3389663696289,Cuautitlan,2.0
54656,gold,19.7293376922607,-99.3546829223633,Cuautitlan,2.0
54658,gold,19.7118721008301,-99.3308715820313,Cuautitlan,2.0
54680,red,19.8313579559326,-99.2040710449219,Cuautitlan,2.0
54683,red,19.8337345123291,-99.1889419555664,Cuautitlan,2.0
54684,red,19.8246116638184,-99.1993026733398,Cuautitlan,2.0
54685,red,19.827766418457,-99.209846496582,Cuautitlan,2.0
54687,red,19.853120803833,-99.21240234375,Cuautitlan,2.0
54690,gold,19.7759437561035,-99.308723449707,Cuautitlan,2.0
54693,red,19.853723526001,-99.2574996948242,Cuautitlan,2.0
54694,red,19.8447761535645,-99.2339401245117,Cuautitlan,2.0
54696,red,19.876350402832,-99.2100067138672,Cuautitlan,2.0
54697,red,19.7881088256836,-99.2794876098633,Cuautitlan,2.0
54700,gold,19.6609916687012,-99.2099914550781,Cuautitlan,2.0
54710,gold,19.6778469085693,-99.2575988769531,Cuautitlan,2.0
54712,gold,19.6732330322266,-99.1943969726563,Cuautitlan,2.0
54713,gold,19.7156276702881,-99.1830139160156,Cuautitlan,1.0
54714,gold,19.6909656524658,-99.1782684326172,Cuautitlan,1.0
54715,gold,19.6873207092285,-99.2195129394531,Cuautitlan,2.0
54716,gold,19.6975917816162,-99.2036743164063,Cuautitlan,1.0
54719,gold,19.6978549957275,-99.2282409667969,Cuautitlan,2.0
54720,gold,19.6606960296631,-99.2489700317383,Cuautitlan,2.0
54725,gold,19.6676750183105,-99.2242813110352,Cuautitlan,2.0
54729,gold,19.681957244873,-99.2067108154297,Cuautitlan,2.0
54730,gold,19.6627235412598,-99.1925354003906,Cuautitlan,2.0
54740,gold,19.6460380554199,-99.2114410400391,Cuautitlan,2.0
54743,blue,19.6264610290527,-99.2094573974609,Cuautitlan,2.0
54744,blue,19.6272678375244,-99.2232131958008,Cuautitlan,2.0
54745,gold,19.6468448638916,-99.2461318969727,Cuautitlan,2.0
54750,blue,19.6381549835205,-99.1995620727539,Cuautitlan,2.0
54753,blue,19.6319065093994,-99.1987609863281,Cuautitlan,2.0
54759,blue,19.6492462158203,-99.1845169067383,Cuautitlan,2.0
54760,blue,19.6196193695068,-99.2341766357422,Cuautitlan,2.0
54763,blue,19.6183109283447,-99.2067337036133,Cuautitlan,2.0
54764,blue,19.5910015106201,-99.1928329467773,Cuautitlan,2.0
54765,blue,19.6124649047852,-99.2344360351563,Cuautitlan,2.0
54766,gold,19.6152305603027,-99.2708892822266,Cuautitlan,2.0
54767,blue,19.6201438903809,-99.213020324707,Cuautitlan,2.0
54769,blue,19.6008529663086,-99.1878890991211,Cuautitlan,2.0
54770,gold,19.7470016479492,-99.1830673217773,Cuautitlan,1.0
54783,gold,19.7503280639648,-99.1562805175781,Cuautitlan,1.0
54784,gold,19.7293701171875,-99.1583786010742,Cuautitlan,1.0
54785,gold,19.7311611175537,-99.1929931640625,Cuautitlan,1.0
54786,gold,19.7653636932373,-99.1957855224609,Cuautitlan,1.0
54800,blue,19.6666507720947,-99.1791076660156,Cuautitlan,1.0
54803,blue,19.6817722320557,-99.1553115844727,Cuautitlan,1.0
54804,gold,19.6786155700684,-99.1888122558594,Cuautitlan,1.0
54805,gold,19.6691837310791,-99.1830368041992,Cuautitlan,1.0
54807,blue,19.6683673858643,-99.1780853271484,Cuautitlan,1.0
54830,gold,19.7155647277832,-99.1586303710938,Cuautitlan,1.0
54831,gold,19.7253799438477,-99.1704330444336,Cuautitlan,1.0
54834,gold,19.7261905670166,-99.1900482177734,Cuautitlan,1.0
54840,gold,19.7047309875488,-99.1689453125,Cuautitlan,1.0
54850,blue,19.6750354766846,-99.1587905883789,Cuautitlan,1.0
54855,blue,19.6740951538086,-99.1606369018555,Cuautitlan,1.0
54857,blue,19.6687393188477,-99.1642456054688,Cuautitlan,1.0
54858,blue,19.6705017089844,-99.1692352294922,Cuautitlan,1.0
54860,blue,19.666467666626,-99.1586837768555,Cuautitlan,1.0
54870,gold,19.6777477264404,-99.1726226806641,Cuautitlan,1.0
54875,blue,19.6724338531494,-99.170280456543,Cuautitlan,1.0
54877,blue,19.6623954772949,-99.1709747314453,Cuautitlan,1.0
54878,blue,19.6569976806641,-99.1754913330078,Cuautitlan,1.0
54879,blue,19.6480751037598,-99.1813812255859,Cuautitlan,2.0
54880,gold,19.7008438110352,-99.1435699462891,Cuautitlan,1.0
54882,gold,19.7046775817871,-99.1392059326172,Cuautitlan,1.0
54883,gold,19.6949119567871,-99.1474304199219,Cuautitlan,1.0
54884,gold,19.7084922790527,-99.1498565673828,Cuautitlan,1.0
54890,gold,19.7173080444336,-99.1343078613281,Cuautitlan,1.0
54893,gold,19.7094383239746,-99.130615234375,Cuautitlan,1.0
54894,gold,19.7144203186035,-99.1244888305664,Cuautitlan,1.0
54900,blue,19.6445865631104,-99.1679077148438,Cuautitlan,3.0
54910,blue,19.6431064605713,-99.1324768066406,Cuautitlan,3.0
54913,blue,19.6242923736572,-99.1674880981445,Cuautitlan,2.0
54914,blue,19.6285762786865,-99.1720886230469,Cuautitlan,2.0
54915,blue,19.6278038024902,-99.1702423095703,Cuautitlan,2.0
54916,blue,19.6284656524658,-99.1581192016602,Cuautitlan,3.0
54918,blue,19.6329593658447,-99.1624603271484,Cuautitlan,3.0
54920,green,19.6727695465088,-99.0749435424805,Cuautitlan,3.0
54924,green,19.6656455993652,-99.0711517333984,Cuautitlan,3.0
54925,green,19.667818069458,-99.0749053955078,Cuautitlan,3.0
54926,green,19.6725196838379,-99.0770492553711,Cuautitlan,3.0
54927,green,19.6780052185059,-99.0737991333008,Cuautitlan,3.0
54929,green,19.6833438873291,-99.0754776000977,Cuautitlan,3.0
54930,green,19.6597766876221,-99.0850143432617,Cuautitlan,2.0
54932,green,19.6576175689697,-99.0743026733398,Cuautitlan,2.0
54933,green,19.6706008911133,-99.0750122070313,Cuautitlan,3.0
54934,green,19.6709098815918,-99.0779495239258,Cuautitlan,3.0
54935,green,19.6879711151123,-99.0904846191406,Cuautitlan,3.0
54938,blue,19.6791763305664,-99.1081085205078,Cuautitlan,1.0
54939,blue,19.6673126220703,-99.111198425293,Cuautitlan,1.0
54940,blue,19.6146106719971,-99.1839065551758,Cuautitlan,2.0
54942,blue,19.6059322357178,-99.1697769165039,Cuautitlan,2.0
54943,blue,19.6099624633789,-99.1737899780273,Cuautitlan,2.0
54944,blue,19.610372543335,-99.1625366210938,Cuautitlan,2.0
54945,blue,19.5913715362549,-99.181884765625,Cuautitlan,2.0
54946,blue,19.610200881958,-99.183219909668,Cuautitlan,2.0
54948,blue,19.6155529022217,-99.1483688354492,Cuautitlan,3.0
54949,blue,19.6282749176025,-99.1379013061523,Cuautitlan,3.0
54950,blue,19.594181060791,-99.1730651855469,Cuautitlan,2.0
54954,blue,19.5796756744385,-99.1733779907227,Cuautitlan,2.0
54955,blue,19.589469909668,-99.1670837402344,Cuautitlan,2.0
54957,blue,19.5981273651123,-99.1578903198242,Cuautitlan,2.0
54958,blue,19.6050033569336,-99.1753616333008,Cuautitlan,2.0
54959,blue,19.6037635803223,-99.182487487793,Cuautitlan,2.0
54960,blue,19.6807804107666,-99.1409301757813,Cuautitlan,1.0
54962,blue,19.6796264648438,-99.1207733154297,Cuautitlan,1.0
54963,blue,19.678731918335,-99.1278381347656,Cuautitlan,1.0
54964,blue,19.6870632171631,-99.1328735351563,Cuautitlan,1.0
54965,blue,19.6923713684082,-99.1223907470703,Cuautitlan,1.0
54966,blue,19.6910495758057,-99.121452331543,Cuautitlan,1.0
54967,blue,19.6961231231689,-99.122673034668,Cuautitlan,1.0
54970,blue,19.695291519165,-99.107063293457,Cuautitlan,1.0
54972,green,19.685338973999,-99.0799255371094,Cuautitlan,3.0
54974,blue,19.6898784637451,-99.1049728393555,Cuautitlan,1.0
54975,blue,19.6937580108643,-99.1159362792969,Cuautitlan,1.0
54976,blue,19.6909847259522,-99.1119842529297,Cuautitlan,1.0
54977,green,19.6989784240723,-99.1008758544922,Cuautitlan,3.0
54980,blue,19.6610565185547,-99.1386795043945,Cuautitlan,1.0
54983,blue,19.6673069000244,-99.1220169067383,Cuautitlan,1.0
54984,blue,19.6693916320801,-99.1430053710938,Cuautitlan,1.0
54985,blue,19.6568775177002,-99.1096725463867,Cuautitlan,1.0
54986,blue,19.6561641693115,-99.1393814086914,Cuautitlan,1.0
54987,blue,19.6601829528809,-99.1119537353516,Cuautitlan,1.0
54990,blue,19.6590557098389,-99.1285781860352,Cuautitlan,1.0
55000,green,19.6002502441406,-99.0467987060547,Cuautitlan,1.0
55010,green,19.63205909729,-99.0686645507813,Cuautitlan,2.0
55014,green,19.6162967681885,-99.0819931030273,Cuautitlan,2.0
55016,green,19.6150360107422,-99.0700302124023,Cuautitlan,2.0
55017,green,19.6124172210693,-99.0796508789063,Cuautitlan,2.0
55018,green,19.6172885894775,-99.0765380859375,Cuautitlan,2.0
55020,green,19.6040115356445,-99.0606002807617,Cuautitlan,1.0
55023,green,19.6112537384033,-99.0305023193359,Cuautitlan,1.0
55024,green,19.6100616455078,-99.0600204467773,Cuautitlan,1.0
55025,green,19.6020565032959,-99.0389862060547,Cuautitlan,1.0
55027,green,19.6204948425293,-99.0740661621094,Cuautitlan,2.0
55028,green,19.6068248748779,-99.0675201416016,Cuautitlan,1.0
55029,green,19.6556148529053,-99.0696792602539,Cuautitlan,2.0
55030,green,19.5938262939453,-99.0501251220703,Cuautitlan,1.0
55036,green,19.5898933410645,-99.0451812744141,Cuautitlan,1.0
55037,green,19.5917530059814,-99.0461807250977,Cuautitlan,1.0
55038,green,19.5940074920654,-99.052978515625,Cuautitlan,1.0
55039,green,19.5989952087402,-99.052604675293,Cuautitlan,1.0
55040,green,19.5913753509522,-99.0314788818359,Cuautitlan,1.0
55050,green,19.6027317047119,-99.0237197875977,Cuautitlan,1.0
55055,green,19.6113204956055,-99.0166854858398,Cuautitlan,1.0
55056,green,19.6052875518799,-99.0228424072266,Cuautitlan,1.0
55057,green,19.5958824157715,-99.0307388305664,Cuautitlan,1.0
55059,green,19.5965404510498,-99.0313568115234,Cuautitlan,1.0
55060,green,19.6180515289307,-99.0164031982422,Cuautitlan,1.0
55063,green,19.6450347900391,-98.9790344238281,Cuautitlan,1.0
55064,green,19.6187114715576,-98.9874420166016,Cuautitlan,1.0
55065,green,19.6200942993164,-99.0007553100586,Cuautitlan,1.0
55066,green,19.6303977966309,-98.9978790283203,Cuautitlan,1.0
55067,green,19.6357917785645,-98.98193359375,Cuautitlan,1.0
55068,green,19.63454246521,-99.0117797851563,Cuautitlan,1.0
55069,green,19.644947052002,-99.0072021484375,Cuautitlan,1.0
55070,green,19.5992012023926,-99.0060424804688,Cuautitlan,1.0
55074,green,19.6105327606201,-98.9984970092773,Cuautitlan,1.0
55075,green,19.5940284729004,-99.0248641967773,Cuautitlan,1.0
55076,green,19.5886726379395,-99.0194091796875,Cuautitlan,1.0
55080,green,19.5752716064453,-99.0496978759766,Cuautitlan,1.0
55084,green,19.5762233734131,-99.0512084960938,Cuautitlan,1.0
55085,green,19.5831832885742,-99.0490875244141,Cuautitlan,1.0
55087,green,19.5813541412354,-99.0561904907227,Cuautitlan,1.0
55090,green,19.5876331329346,-99.0386810302734,Cuautitlan,1.0
55094,green,19.5919208526611,-99.0420989990234,Cuautitlan,1.0
55095,green,19.5814456939697,-99.0258026123047,Cuautitlan,1.0
55100,green,19.5580310821533,-99.0359573364258,Cuautitlan,1.0
55104,green,19.5519638061523,-99.0215148925781,Cuautitlan,1.0
55105,green,19.5653076171875,-99.0336990356445,Cuautitlan,1.0
55107,green,19.5592479705811,-99.0276412963867,Cuautitlan,1.0
55114,green,19.5615901947022,-99.0283889770508,Cuautitlan,1.0
55115,green,19.5640029907227,-99.0194702148438,Cuautitlan,1.0
55117,green,19.5628147125244,-99.01416015625,Cuautitlan,1.0
55118,green,19.5679111480713,-99.0216598510742,Cuautitlan,1.0
55119,green,19.5759544372559,-99.0227737426758,Cuautitlan,1.0
55120,green,19.5368003845215,-99.0320053100586,Cuautitlan,1.0
55125,green,19.5526008605957,-99.0171585083008,Cuautitlan,1.0
55126,green,19.5308742523193,-99.015739440918,Cuautitlan,1.0
55127,green,19.5394973754883,-99.0380249023438,Cuautitlan,1.0
55128,green,19.5558471679688,-99.0149230957031,Cuautitlan,1.0
55129,green,19.5459461212158,-99.0173645019531,Cuautitlan,1.0
55130,green,19.5374240875244,-99.0392150878906,Cuautitlan,1.0
55135,green,19.5270614624023,-99.0331802368164,Cuautitlan,1.0
55137,green,19.5363426208496,-99.0413436889648,Cuautitlan,1.0
55138,green,19.5340633392334,-99.0333099365234,Cuautitlan,1.0
55139,green,19.5341949462891,-99.0385437011719,Cuautitlan,1.0
55140,green,19.5267066955566,-99.0241241455078,Cuautitlan,1.0
55146,green,19.5187301635742,-99.0246658325195,Cuautitlan,1.0
55147,green,19.5228900909424,-99.0272674560547,Cuautitlan,1.0
55148,green,19.524097442627,-99.0302200317383,Cuautitlan,1.0
55149,green,19.5270977020264,-99.0291137695313,Cuautitlan,1.0
55158,green,19.5248737335205,-99.0171279907227,Cuautitlan,1.0
55170,green,19.5219612121582,-99.0222015380859,Cuautitlan,1.0
55176,green,19.5265979766846,-99.0201416015625,Cuautitlan,1.0
55180,green,19.5191879272461,-99.016731262207,Cuautitlan,1.0
55187,green,19.5181732177734,-99.0197219848633,Cuautitlan,1.0
55188,green,19.5215606689453,-99.0185165405273,Cuautitlan,1.0
55189,green,19.5207500457764,-99.0160446166992,Cuautitlan,1.0
55190,green,19.5140018463135,-99.0175247192383,Cuautitlan,1.0
55200,green,19.5223178863525,-99.0453491210938,Cuautitlan,1.0
55210,green,19.5217456817627,-99.0550079345703,Cuautitlan,1.0
55218,green,19.5184001922607,-99.0547485351563,Cuautitlan,1.0
55220,green,19.5192031860352,-99.0570068359375,Cuautitlan,1.0
55230,green,19.4913024902344,-99.0159072875977,Cuautitlan,1.0
55234,green,19.4883594512939,-99.0236511230469,Cuautitlan,1.0
55235,green,19.4905185699463,-99.0242385864258,Cuautitlan,1.0
55236,green,19.4924621582031,-99.0218048095703,Cuautitlan,1.0
55237,green,19.4967021942139,-99.0241775512695,Cuautitlan,1.0
55238,green,19.4990730285645,-99.0253143310547,Cuautitlan,1.0
55240,green,19.5137939453125,-99.0333557128906,Cuautitlan,1.0
55242,green,19.5064105987549,-99.0322189331055,Cuautitlan,1.0
55243,green,19.5043926239014,-99.0333633422852,Cuautitlan,1.0
55244,green,19.5054664611816,-99.0323486328125,Cuautitlan,1.0
55245,green,19.50634765625,-99.0288162231445,Cuautitlan,1.0
55246,green,19.5095233917236,-99.0322647094727,Cuautitlan,1.0
55247,green,19.5075798034668,-99.0283432006836,Cuautitlan,1.0
55248,green,19.5166034698486,-99.0317077636719,Cuautitlan,1.0
55249,green,19.5127868652344,-99.0257568359375,Cuautitlan,1.0
55260,green,19.5062236785889,-99.0204162597656,Cuautitlan,1.0
55264,green,19.499755859375,-99.0157470703125,Cuautitlan,1.0
55266,green,19.5039482116699,-99.0255966186523,Cuautitlan,1.0
55267,green,19.5065536499023,-99.0251693725586,Cuautitlan,1.0
55268,green,19.5133438110352,-99.0214767456055,Cuautitlan,1.0
55269,green,19.5118923187256,-99.0184860229492,Cuautitlan,1.0
55270,green,19.510124206543,-99.0546188354492,Cuautitlan,1.0
55280,green,19.4919757843018,-99.0392761230469,Cuautitlan,1.0
55284,green,19.489294052124,-99.0392379760742,Cuautitlan,1.0
55287,green,19.5007495880127,-99.0312423706055,Cuautitlan,1.0
55288,green,19.5019931793213,-99.0342102050781,Cuautitlan,1.0
55289,green,19.5033378601074,-99.036003112793,Cuautitlan,1.0
55290,green,19.494987487793,-99.0291061401367,Cuautitlan,1.0
55294,green,19.493501663208,-99.0378570556641,Cuautitlan,1.0
55295,green,19.4885272979736,-99.0364685058594,Cuautitlan,1.0
55296,green,19.4880828857422,-99.0311508178711,Cuautitlan,1.0
55297,green,19.490348815918,-99.0309906005859,Cuautitlan,1.0
55298,green,19.4933471679688,-99.0296630859375,Cuautitlan,1.0
55299,green,19.4996681213379,-99.0280685424805,Cuautitlan,1.0
55300,green,19.5413913726807,-99.0868377685547,Cuautitlan,1.0
55308,green,19.5449142456055,-99.08154296875,Cuautitlan,1.0
55310,green,19.5313949584961,-99.074951171875,Cuautitlan,1.0
55316,green,19.5466918945313,-99.0761642456055,Cuautitlan,1.0
55317,green,19.5375804901123,-99.085205078125,Cuautitlan,1.0
55320,green,19.5254821777344,-99.0645065307617,Cuautitlan,1.0
55330,green,19.5237083435059,-99.0626602172852,Cuautitlan,1.0
55338,green,19.5274028778076,-99.0532531738281,Cuautitlan,1.0
55339,green,19.5209465026855,-99.0624618530273,Cuautitlan,1.0
55340,green,19.5189037322998,-99.0702209472656,Cuautitlan,1.0
55347,green,19.5121154785156,-99.0752105712891,Cuautitlan,1.0
55348,green,19.515645980835,-99.0812301635742,Cuautitlan,1.0
55349,green,19.521520614624,-99.0863647460938,Cuautitlan,1.0
55360,green,19.513542175293,-99.0741653442383,Cuautitlan,1.0
55369,green,19.5074024200439,-99.0769119262695,Cuautitlan,1.0
55390,green,19.5088272094727,-99.0827713012695,Cuautitlan,1.0
55400,green,19.5686283111572,-99.0343246459961,Cuautitlan,1.0
55404,green,19.5702590942383,-99.0354919433594,Cuautitlan,1.0
55405,green,19.5583667755127,-99.0433654785156,Cuautitlan,1.0
55407,green,19.5725040435791,-99.0467300415039,Cuautitlan,1.0
55410,green,19.5779666900635,-99.0599899291992,Cuautitlan,1.0
55414,green,19.5698184967041,-99.0643920898438,Cuautitlan,1.0
55415,green,19.576343536377,-99.0639572143555,Cuautitlan,1.0
55416,green,19.5607891082764,-99.0572738647461,Cuautitlan,1.0
55417,green,19.5724258422852,-99.0529861450195,Cuautitlan,1.0
55418,green,19.5730209350586,-99.0590515136719,Cuautitlan,1.0
55419,green,19.5661354064941,-99.0549697875977,Cuautitlan,1.0
55420,green,19.5548896789551,-99.0467758178711,Cuautitlan,1.0
55425,green,19.5467987060547,-99.0603790283203,Cuautitlan,1.0
55429,green,19.5506744384766,-99.0613861083984,Cuautitlan,1.0
55430,green,19.5545215606689,-99.037467956543,Cuautitlan,1.0
55450,green,19.5454368591309,-99.0473251342773,Cuautitlan,1.0
55458,green,19.5529346466064,-99.0372848510742,Cuautitlan,1.0
55459,green,19.5529270172119,-99.0352554321289,Cuautitlan,1.0
55490,green,19.5307426452637,-99.0493698120117,Cuautitlan,1.0
55498,green,19.5382404327393,-99.0454406738281,Cuautitlan,1.0
55500,green,19.5600032806397,-99.0508728027344,Cuautitlan,1.0
55506,green,19.5552043914795,-99.0675811767578,Cuautitlan,1.0
55507,green,19.5599575042725,-99.0661926269531,Cuautitlan,1.0
55508,green,19.5600776672363,-99.0708770751953,Cuautitlan,1.0
55509,green,19.5654964447022,-99.0693740844727,Cuautitlan,1.0
55510,green,19.5496997833252,-99.0800247192383,Cuautitlan,1.0
55515,green,19.5610160827637,-99.0856018066406,Cuautitlan,1.0
55516,green,19.5553169250488,-99.0810546875,Cuautitlan,1.0
55517,green,19.5553684234619,-99.0833511352539,Cuautitlan,1.0
55518,green,19.5601787567139,-99.0927047729492,Cuautitlan,1.0
55519,green,19.5691051483154,-99.0927124023438,Cuautitlan,1.0
55520,green,19.5529022216797,-99.0743408203125,Cuautitlan,1.0
55530,green,19.5458202362061,-99.0669403076172,Cuautitlan,1.0
55540,green,19.5391883850098,-99.06787109375,Cuautitlan,1.0
55547,green,19.5323505401611,-99.061164855957,Cuautitlan,1.0
55548,green,19.5448951721191,-99.0592651367188,Cuautitlan,1.0
55549,green,19.5437812805176,-99.0619888305664,Cuautitlan,1.0
55600,red,19.7980079650879,-99.1003494262695,Cuautitlan,1.0
55603,red,19.8036403656006,-99.0890502929688,Cuautitlan,1.0
55604,red,19.7999172210693,-99.0742645263672,Cuautitlan,1.0
55605,red,19.7797966003418,-99.0919418334961,Cuautitlan,1.0
55606,red,19.7803039550781,-99.101188659668,Cuautitlan,1.0
55607,red,19.7959232330322,-99.0571899414063,Cuautitlan,1.0
55609,red,19.7808666229248,-99.1119537353516,Cuautitlan,1.0
55610,red,19.8607177734375,-99.0817184448242,Cuautitlan,2.0
55613,red,19.8592338562012,-99.1142196655273,Cuautitlan,2.0
55614,red,19.8314456939697,-99.0823440551758,Cuautitlan,1.0
55615,red,19.8089580535889,-99.1048965454102,Cuautitlan,2.0
55616,red,19.8193626403809,-99.0973663330078,Cuautitlan,1.0
55619,red,19.8427124023438,-99.1069793701172,Cuautitlan,2.0
55620,red,19.8089275360107,-99.1625671386719,Cuautitlan,2.0
55628,red,19.8068428039551,-99.140510559082,Cuautitlan,2.0
55629,red,19.8250560760498,-99.1346664428711,Cuautitlan,2.0
55630,red,19.8157577514648,-99.00537109375,Cuautitlan,1.0
55634,red,19.773853302002,-99.0212860107422,Cuautitlan,1.0
55635,red,19.8112049102783,-99.0403060913086,Cuautitlan,1.0
55636,red,19.7703323364258,-99.0524673461914,Cuautitlan,1.0
55637,red,19.8192005157471,-99.0507202148438,Cuautitlan,1.0
55640,red,19.7568607330322,-98.9856567382813,Cuautitlan,1.0
55643,red,19.8145446777344,-99.081298828125,Cuautitlan,1.0
55644,red,19.8141803741455,-99.0208969116211,Cuautitlan,1.0
55646,red,19.7776222229004,-99.1015014648438,Cuautitlan,1.0
55700,blue,19.6339473724365,-99.1122131347656,Cuautitlan,3.0
55705,blue,19.6230716705322,-99.10498046875,Cuautitlan,3.0
55707,blue,19.6260719299316,-99.1152038574219,Cuautitlan,3.0
55708,blue,19.627082824707,-99.1057357788086,Cuautitlan,3.0
55709,blue,19.6269989013672,-99.1015548706055,Cuautitlan,3.0
55710,green,19.647289276123,-99.0924835205078,Cuautitlan,2.0
55712,green,19.6599292755127,-99.0996856689453,Cuautitlan,2.0
55713,green,19.6309833526611,-99.0773773193359,Cuautitlan,2.0
55714,green,19.6376457214355,-99.0854644775391,Cuautitlan,2.0
55715,green,19.6332263946533,-99.0888366699219,Cuautitlan,2.0
55716,green,19.6355648040772,-99.09375,Cuautitlan,2.0
55717,blue,19.6485958099365,-99.1208343505859,Cuautitlan,3.0
55718,green,19.6400661468506,-99.0755996704102,Cuautitlan,2.0
55719,green,19.6459903717041,-99.0873107910156,Cuautitlan,2.0
55720,green,19.6127681732178,-99.0882949829102,Cuautitlan,2.0
55726,green,19.6275024414063,-99.0894317626953,Cuautitlan,2.0
55728,green,19.624547958374,-99.0870742797852,Cuautitlan,2.0
55729,green,19.6252059936523,-99.0811004638672,Cuautitlan,2.0
55730,green,19.6303234100342,-99.0931015014648,Cuautitlan,2.0
55736,blue,19.621431350708,-99.1204147338867,Cuautitlan,3.0
55737,blue,19.6192150115967,-99.1003646850586,Cuautitlan,3.0
55738,green,19.6255664825439,-99.0977172851563,Cuautitlan,2.0
55739,green,19.6253833770752,-99.0943222045898,Cuautitlan,2.0
55740,red,19.7132740020752,-98.9674606323242,Cuautitlan,1.0
55743,red,19.7195320129395,-98.9640808105469,Cuautitlan,1.0
55744,red,19.7565460205078,-98.9609603881836,Cuautitlan,1.0
55745,red,19.7514381408691,-98.9501113891602,Cuautitlan,1.0
55746,green,19.7011413574219,-98.9417266845703,Cuautitlan,3.0
55747,green,19.6733493804932,-98.9613418579102,Cuautitlan,3.0
55748,green,19.6871528625488,-98.9657287597656,Cuautitlan,3.0
55749,green,19.6928043365479,-98.9812545776367,Cuautitlan,3.0
55750,red,19.7670421600342,-98.9629211425781,Cuautitlan,1.0
55752,red,19.7728881835938,-99.0190887451172,Cuautitlan,1.0
55754,red,19.7668495178223,-98.9527053833008,Cuautitlan,1.0
55755,red,19.7729949951172,-98.9819259643555,Cuautitlan,1.0
55757,red,19.7859497070313,-99.0013732910156,Cuautitlan,1.0
55758,red,19.7952842712402,-98.9776992797852,Cuautitlan,1.0
55760,green,19.6828689575195,-99.0005950927734,Cuautitlan,3.0
55763,green,19.6282176971436,-99.0218200683594,Cuautitlan,1.0
55764,green,19.6413764953613,-99.020881652832,Cuautitlan,1.0
55765,green,19.6562232971191,-98.9961166381836,Cuautitlan,3.0
55766,green,19.6733779907227,-99.0025634765625,Cuautitlan,3.0
55767,green,19.6605625152588,-99.0087890625,Cuautitlan,3.0
55768,green,19.681978225708,-98.9813003540039,Cuautitlan,3.0
55769,green,19.6858596801758,-98.9878234863281,Cuautitlan,3.0
55770,green,19.6776905059814,-99.0267562866211,Cuautitlan,3.0
55773,green,19.6935234069824,-99.0108184814453,Cuautitlan,3.0
55776,green,19.6760921478272,-99.0063247680664,Cuautitlan,3.0
55778,green,19.68821144104,-99.0404968261719,Cuautitlan,3.0
55790,green,19.7243385314941,-99.0543899536133,Cuautitlan,3.0
55793,red,19.7397060394287,-99.0731430053711,Cuautitlan,1.0
55794,green,19.702054977417,-99.0472030639648,Cuautitlan,3.0
55795,gold,19.749584197998,-99.1164016723633,Cuautitlan,1.0
55796,green,19.7008743286133,-99.0730209350586,Cuautitlan,3.0
55797,red,19.7380313873291,-99.0917587280273,Cuautitlan,1.0
55799,red,19.7600250244141,-99.0456848144531,Cuautitlan,1.0
56030,red,19.5465049743652,-98.8793640136719,Texcoco,1.0
56033,red,19.5687713623047,-98.8878784179688,Texcoco,1.0
56034,red,19.5752201080322,-98.887825012207,Texcoco,1.0
56035,red,19.5919170379639,-98.8927764892578,Texcoco,1.0
56036,red,19.5630035400391,-98.8754577636719,Texcoco,1.0
56037,red,19.5522937774658,-98.869384765625,Texcoco,1.0
56038,red,19.54221534729,-98.8764114379883,Texcoco,1.0
56040,red,19.5693016052246,-98.8675384521484,Texcoco,1.0
56100,red,19.5148162841797,-98.8822479248047,Texcoco,1.0
56103,red,19.5117321014404,-98.878173828125,Texcoco,1.0
56105,red,19.510046005249,-98.8866653442383,Texcoco,2.0
56106,red,19.5158863067627,-98.8939971923828,Texcoco,2.0
56110,red,19.5195178985596,-98.881217956543,Texcoco,1.0
56120,red,19.5146026611328,-98.8753890991211,Texcoco,1.0
56130,red,19.5081653594971,-98.8716506958008,Texcoco,1.0
56140,red,19.5056915283203,-98.8817596435547,Texcoco,2.0
56150,red,19.5019359588623,-98.8946762084961,Texcoco,2.0
56160,red,19.5132846832275,-98.8910598754883,Texcoco,2.0
56170,red,19.5198802947998,-98.885139465332,Texcoco,1.0
56200,red,19.528959274292,-98.8997421264648,Texcoco,2.0
56203,red,19.5330181121826,-98.9116134643555,Texcoco,2.0
56204,red,19.5355377197266,-98.8874435424805,Texcoco,1.0
56205,red,19.5126266479492,-98.903564453125,Texcoco,2.0
56207,red,19.5128421783447,-98.9183578491211,Texcoco,2.0
56208,red,19.5192642211914,-98.9052200317383,Texcoco,2.0
56210,red,19.5362854003906,-98.8696517944336,Texcoco,1.0
56213,red,19.540994644165,-98.8619689941406,Texcoco,1.0
56214,red,19.5482006072998,-98.8586502075195,Texcoco,3.0
56215,red,19.5481643676758,-98.8646697998047,Texcoco,1.0
56216,red,19.5331192016602,-98.8606948852539,Texcoco,1.0
56217,red,19.5328330993652,-98.8766784667969,Texcoco,1.0
56220,blue,19.4827423095703,-98.8644943237305,Texcoco,1.0
56223,blue,19.4880905151367,-98.866081237793,Texcoco,1.0
56224,blue,19.4811115264893,-98.8374862670898,Texcoco,1.0
56225,blue,19.4756908416748,-98.8828659057617,Texcoco,1.0
56226,blue,19.4761390686035,-98.8774795532227,Texcoco,1.0
56227,blue,19.4854927062988,-98.8749008178711,Texcoco,1.0
56230,red,19.4970836639404,-98.8671340942383,Texcoco,1.0
56233,red,19.5096435546875,-98.8488693237305,Texcoco,3.0
56235,red,19.5090923309326,-98.851448059082,Texcoco,3.0
56236,red,19.5193748474121,-98.845588684082,Texcoco,3.0
56237,red,19.5338764190674,-98.8474578857422,Texcoco,3.0
56240,red,19.5315952301025,-98.8257675170898,Texcoco,3.0
56243,red,19.5502967834473,-98.7993392944336,Texcoco,3.0
56244,red,19.517599105835,-98.759407043457,Texcoco,3.0
56245,red,19.4817276000977,-98.7726058959961,Texcoco,3.0
56246,red,19.4738388061523,-98.8128509521484,Texcoco,3.0
56247,red,19.5103569030762,-98.8163528442383,Texcoco,3.0
56250,blue,19.4514236450195,-98.8738784790039,Texcoco,1.0
56253,blue,19.4564018249512,-98.8528671264648,Texcoco,1.0
56254,blue,19.442476272583,-98.8751525878906,Texcoco,1.0
56255,blue,19.4345626831055,-98.9037551879883,Texcoco,2.0
56256,blue,19.4448146820068,-98.9029541015625,Texcoco,2.0
56257,blue,19.4588794708252,-98.875373840332,Texcoco,1.0
56260,blue,19.4765071868897,-98.9022369384766,Texcoco,1.0
56263,red,19.4941711425781,-98.9033584594727,Texcoco,2.0
56264,blue,19.4586219787598,-98.9054107666016,Texcoco,1.0
56265,blue,19.4401397705078,-98.9104919433594,Texcoco,2.0
56266,blue,19.4308853149414,-98.9127502441406,Texcoco,2.0
56267,red,19.5199546813965,-98.9168930053711,Texcoco,2.0
56268,red,23.9335918426514,-102.5096969604492,Texcoco,2.0
56300,red,19.5576343536377,-98.9138565063477,Texcoco,2.0
56303,red,19.5661926269531,-98.9135360717773,Texcoco,2.0
56304,red,19.5488452911377,-98.9039611816406,Texcoco,2.0
56305,red,19.5614166259766,-98.9256820678711,Texcoco,2.0
56306,red,19.5860652923584,-98.9346008300781,Texcoco,2.0
56310,red,19.5900192260742,-98.9607162475586,Texcoco,2.0
56314,red,19.5845336914063,-98.9424819946289,Texcoco,2.0
56315,red,19.5819187164307,-98.9297485351563,Texcoco,2.0
56330,green,19.4156227111816,-98.9433822631836,Texcoco,2.0
56333,green,19.4516639709473,-98.937385559082,Texcoco,1.0
56334,green,19.4375534057617,-98.9541549682617,Texcoco,2.0
56335,green,19.4296360015869,-98.9355926513672,Texcoco,1.0
56337,green,19.4069404602051,-98.9505920410156,Texcoco,2.0
56338,green,19.3969669342041,-98.9255599975586,Texcoco,2.0
56340,gold,19.3971195220947,-98.9749755859375,Texcoco,2.0
56343,gold,19.3899402618408,-98.9576568603516,Texcoco,1.0
56344,gold,19.3914089202881,-98.9691772460938,Texcoco,1.0
56346,gold,19.4109878540039,-98.9837265014648,Texcoco,2.0
56350,gold,19.4131946563721,-98.9741973876953,Texcoco,2.0
56353,gold,19.4176769256592,-98.9790954589844,Texcoco,2.0
56356,gold,19.4281711578369,-98.9700241088867,Texcoco,3.0
56360,gold,19.4228839874268,-98.9670562744141,Texcoco,3.0
56363,gold,19.4339199066162,-98.9684982299805,Texcoco,3.0
56366,gold,19.4356231689453,-98.9631118774414,Texcoco,3.0
56370,blue,19.4142761230469,-98.9035568237305,Texcoco,2.0
56373,blue,19.4241886138916,-98.8962326049805,Texcoco,3.0
56375,green,19.4168834686279,-98.9216613769531,Texcoco,1.0
56376,blue,19.4045314788818,-98.9080200195313,Texcoco,2.0
56377,blue,19.4112548828125,-98.9177627563477,Texcoco,2.0
56380,blue,19.4160060882568,-98.8864440917969,Texcoco,3.0
56383,blue,19.427396774292,-98.8828887939453,Texcoco,3.0
56384,blue,19.4216175079346,-98.8713531494141,Texcoco,3.0
56386,blue,19.4075832366943,-98.8796081542969,Texcoco,3.0
56387,blue,19.3995513916016,-98.8707275390625,Texcoco,3.0
56390,green,19.4035816192627,-98.9268188476563,Texcoco,2.0
56396,blue,19.4035243988037,-98.8925476074219,Texcoco,3.0
56400,green,19.3523540496826,-98.9825286865234,Nezahualcoyotl,2.0
56410,green,19.3683662414551,-98.9662094116211,Nezahualcoyotl,3.0
56420,green,19.3658103942871,-98.9861145019531,Nezahualcoyotl,2.0
56428,green,19.3624687194824,-98.9916763305664,Nezahualcoyotl,2.0
56429,green,19.3639640808105,-98.9840087890625,Nezahualcoyotl,2.0
56430,green,19.3661670684814,-98.9740753173828,Nezahualcoyotl,2.0
56440,green,19.3617134094238,-98.9650497436523,Nezahualcoyotl,3.0
56490,green,19.3432159423828,-98.9784393310547,Nezahualcoyotl,2.0
56495,green,19.3440952301025,-98.9638595581055,Nezahualcoyotl,3.0
56500,green,19.3590621948242,-98.9578094482422,Nezahualcoyotl,3.0
56505,green,19.3575687408447,-98.9615783691406,Nezahualcoyotl,3.0
56507,green,19.347448348999,-98.947639465332,Nezahualcoyotl,3.0
56508,green,19.3565807342529,-98.9500885009766,Nezahualcoyotl,3.0
56509,green,19.3444595336914,-98.9610824584961,Nezahualcoyotl,3.0
56510,green,19.3725929260254,-98.9404067993164,Nezahualcoyotl,3.0
56512,green,19.3671474456787,-98.9340133666992,Nezahualcoyotl,3.0
56513,green,19.3739337921143,-98.9336242675781,Nezahualcoyotl,3.0
56514,green,19.3616809844971,-98.9437866210938,Nezahualcoyotl,3.0
56515,green,19.3816776275635,-98.93701171875,Nezahualcoyotl,3.0
56516,green,19.3385334014893,-98.9457778930664,Nezahualcoyotl,3.0
56520,green,19.382194519043,-98.9541473388672,Nezahualcoyotl,3.0
56524,green,19.3623542785645,-98.9589004516602,Nezahualcoyotl,3.0
56525,green,19.3728885650635,-98.9479370117188,Nezahualcoyotl,3.0
56526,green,19.3766384124756,-98.9540405273438,Nezahualcoyotl,3.0
56527,green,19.3817901611328,-98.9462432861328,Nezahualcoyotl,3.0
56528,green,19.3833637237549,-98.9473495483398,Nezahualcoyotl,3.0
56529,green,19.3808135986328,-98.9413604736328,Nezahualcoyotl,3.0
56600,green,19.2556705474854,-98.8958511352539,Nezahualcoyotl,1.0
56604,green,19.2695751190186,-98.8965835571289,Nezahualcoyotl,1.0
56605,green,19.2859668731689,-98.8956298828125,Nezahualcoyotl,1.0
56606,green,19.2841396331787,-98.9097671508789,Nezahualcoyotl,1.0
56607,green,19.2596626281738,-98.9105834960938,Nezahualcoyotl,1.0
56608,green,19.2804641723633,-98.8846206665039,Nezahualcoyotl,1.0
56609,green,19.2786502838135,-98.8817672729492,Nezahualcoyotl,1.0
56610,green,19.2805233001709,-98.9463043212891,Nezahualcoyotl,1.0
56613,green,19.2711906433105,-98.9521636962891,Nezahualcoyotl,1.0
56614,green,19.2730979919434,-98.9322509765625,Nezahualcoyotl,1.0
56615,green,19.30029296875,-98.9475479125977,Nezahualcoyotl,3.0
56616,green,19.275333404541,-98.9267044067383,Nezahualcoyotl,1.0
56617,green,19.2893333435059,-98.9270095825195,Nezahualcoyotl,1.0
56618,green,19.3243198394775,-98.9510955810547,Nezahualcoyotl,3.0
56619,green,19.3107070922852,-98.9540176391602,Nezahualcoyotl,3.0
56620,green,19.2186641693115,-98.9083023071289,Nezahualcoyotl,1.0
56623,green,19.2072906494141,-98.9347839355469,Nezahualcoyotl,1.0
56624,green,19.206470489502,-98.9587860107422,Nezahualcoyotl,1.0
56625,green,19.2263240814209,-98.924674987793,Nezahualcoyotl,1.0
56640,green,19.2593021392822,-98.8581924438477,Nezahualcoyotl,1.0
56641,green,19.2368965148926,-98.8468856811523,Nezahualcoyotl,1.0
56642,green,19.2687892913818,-98.8630828857422,Nezahualcoyotl,1.0
56643,green,19.2965488433838,-98.8651733398438,Nezahualcoyotl,1.0
56644,green,19.2754364013672,-98.8297729492188,Nezahualcoyotl,1.0
56646,green,19.2593879699707,-98.824333190918,Nezahualcoyotl,1.0
56647,green,19.2267436981201,-98.8156890869141,Nezahualcoyotl,1.0
57000,blue,19.3943309783936,-98.9916076660156,Nezahualcoyotl,2.0
57100,red,19.4912147521973,-99.053092956543,Nezahualcoyotl,1.0
57103,blue,19.4173049926758,-98.9993209838867,Nezahualcoyotl,1.0
57120,red,19.4823875427246,-99.0586547851563,Nezahualcoyotl,1.0
57129,red,19.4796695709229,-99.0595855712891,Nezahualcoyotl,1.0
57130,red,19.4835338592529,-99.0453033447266,Nezahualcoyotl,1.0
57138,red,19.4725742340088,-99.0365524291992,Nezahualcoyotl,1.0
57139,red,19.4815845489502,-99.0346374511719,Nezahualcoyotl,1.0
57140,red,19.4786911010742,-99.0585556030273,Nezahualcoyotl,1.0
57150,red,19.4739570617676,-99.05908203125,Nezahualcoyotl,1.0
57158,red,19.468864440918,-99.0579071044922,Nezahualcoyotl,1.0
57170,red,19.4700946807861,-99.0502700805664,Nezahualcoyotl,1.0
57171,red,19.4763622283936,-99.0418548583984,Nezahualcoyotl,1.0
57178,red,19.4713306427002,-99.0419082641602,Nezahualcoyotl,1.0
57179,red,19.4692287445068,-99.0460891723633,Nezahualcoyotl,1.0
57180,red,19.4578685760498,-99.0492630004883,Nezahualcoyotl,1.0
57185,red,19.4519538879395,-99.0498199462891,Nezahualcoyotl,1.0
57188,red,19.4591579437256,-99.0546646118164,Nezahualcoyotl,1.0
57189,red,19.4549560546875,-99.0524063110352,Nezahualcoyotl,1.0
57200,gold,19.4323711395264,-99.0397720336914,Nezahualcoyotl,2.0
57205,gold,19.4235420227051,-99.0153884887695,Nezahualcoyotl,1.0
57210,gold,19.4240970611572,-99.0465393066406,Nezahualcoyotl,2.0
57300,gold,19.419132232666,-99.0326309204102,Nezahualcoyotl,1.0
57310,gold,19.4151668548584,-99.0242538452148,Nezahualcoyotl,1.0
57400,gold,19.4190006256104,-99.0548858642578,Nezahualcoyotl,3.0
57410,gold,19.4170551300049,-99.0510101318359,Nezahualcoyotl,3.0
57420,gold,19.4123439788818,-99.0534744262695,Nezahualcoyotl,3.0
57425,gold,19.4105949401855,-99.056770324707,Nezahualcoyotl,3.0
57430,gold,19.4121570587158,-99.0556030273438,Nezahualcoyotl,3.0
57440,gold,19.4109497070313,-99.047721862793,Nezahualcoyotl,3.0
57450,gold,19.4089622497559,-99.0532684326172,Nezahualcoyotl,3.0
57460,gold,19.401050567627,-99.0517883300781,Nezahualcoyotl,3.0
57465,gold,19.3983821868897,-99.0508422851563,Nezahualcoyotl,3.0
57500,gold,19.4125556945801,-99.0414657592773,Nezahualcoyotl,3.0
57510,gold,19.4070796966553,-99.0250930786133,Nezahualcoyotl,1.0
57520,gold,19.4053287506104,-99.0314102172852,Nezahualcoyotl,1.0
57530,gold,19.4017066955566,-99.0308609008789,Nezahualcoyotl,1.0
57600,gold,19.4045085906982,-99.0351486206055,Nezahualcoyotl,1.0
57610,gold,19.4014701843262,-99.0464019775391,Nezahualcoyotl,3.0
57620,gold,19.4051990509033,-99.0424652099609,Nezahualcoyotl,3.0
57630,gold,19.3978328704834,-99.040885925293,Nezahualcoyotl,1.0
57700,gold,19.4005718231201,-99.021728515625,Nezahualcoyotl,1.0
57708,gold,19.4044780731201,-99.0265808105469,Nezahualcoyotl,1.0
57709,gold,19.4028587341309,-99.0161895751953,Nezahualcoyotl,1.0
57710,blue,19.3876419067383,-99.0076217651367,Nezahualcoyotl,2.0
57718,blue,19.38547706604,-99.0031661987305,Nezahualcoyotl,2.0
57719,blue,19.3867282867432,-99.0139236450195,Nezahualcoyotl,2.0
57720,gold,19.3979930877686,-99.0383834838867,Nezahualcoyotl,1.0
57730,gold,19.3953609466553,-99.0353851318359,Nezahualcoyotl,1.0
57739,gold,19.3907794952393,-99.0358123779297,Nezahualcoyotl,1.0
57740,gold,19.3961124420166,-99.0280990600586,Nezahualcoyotl,1.0
57750,gold,19.3883590698242,-99.0189361572266,Nezahualcoyotl,1.0
57760,blue,19.3952102661133,-99.0125579833984,Nezahualcoyotl,2.0
57800,blue,19.3973484039307,-98.9875259399414,Nezahualcoyotl,2.0
57809,blue,19.4004955291748,-98.9844589233398,Nezahualcoyotl,1.0
57810,blue,19.3873310089111,-98.978645324707,Nezahualcoyotl,2.0
57819,blue,19.3892555236816,-98.9802780151367,Nezahualcoyotl,2.0
57820,blue,19.3853340148926,-98.9978637695313,Nezahualcoyotl,2.0
57830,blue,19.3862476348877,-98.9885406494141,Nezahualcoyotl,2.0
57840,green,19.3742427825928,-98.9812698364258,Nezahualcoyotl,2.0
57849,green,19.3750972747803,-98.9786605834961,Nezahualcoyotl,2.0
57900,blue,19.3823051452637,-99.0019912719727,Nezahualcoyotl,2.0
57910,blue,19.3769645690918,-98.9965057373047,Nezahualcoyotl,2.0
57920,blue,19.3792266845703,-98.9939117431641,Nezahualcoyotl,2.0
57930,blue,19.377384185791,-98.99267578125,Nezahualcoyotl,2.0
57940,green,19.3725872039795,-98.9903030395508,Nezahualcoyotl,2.0
57950,blue,19.3799171447754,-98.9970321655273,Nezahualcoyotl,2.0
72000,blue,19.048656463623,-98.1904602050781,Puebla,2.0
72010,red,19.0802097320557,-98.2032012939453,Puebla,3.0
72013,red,19.0963745117188,-98.193733215332,Puebla,3.0
72014,red,19.0867080688477,-98.2023696899414,Puebla,3.0
72015,red,19.0880680084229,-98.1999053955078,Puebla,3.0
72016,red,19.0864353179932,-98.1843872070313,Puebla,3.0
72017,red,19.0870418548584,-98.1768264770508,Puebla,3.0
72019,red,19.0943946838379,-98.188362121582,Puebla,3.0
72020,red,19.0839328765869,-98.2244338989258,Puebla,1.0
72023,red,19.0784721374512,-98.224983215332,Puebla,1.0
72029,red,19.0848522186279,-98.2303695678711,Puebla,1.0
72030,red,19.0853137969971,-98.2116012573242,Puebla,3.0
72040,red,19.0787811279297,-98.2150421142578,Puebla,1.0
72044,red,19.0743827819824,-98.208366394043,Puebla,3.0
72045,red,19.0749454498291,-98.2055969238281,Puebla,3.0
72050,red,19.0711650848389,-98.2000350952148,Puebla,3.0
72060,red,19.0710868835449,-98.2213516235352,Puebla,1.0
72062,red,19.0737266540527,-98.2272262573242,Puebla,1.0
72070,red,19.0659656524658,-98.2108459472656,Puebla,1.0
72072,blue,19.0461845397949,-98.1716232299805,Puebla,2.0
72080,red,19.0708160400391,-98.1930618286133,Puebla,3.0
72089,blue,19.057954788208,-98.1996231079102,Puebla,2.0
72090,red,19.0631256103516,-98.2178115844727,Puebla,1.0
72094,blue,19.0593433380127,-98.2063522338867,Puebla,2.0
72100,red,19.1039161682129,-98.2213134765625,Puebla,1.0
72103,red,19.10520362854,-98.2087707519531,Puebla,3.0
72104,red,19.1015243530273,-98.2348098754883,Puebla,1.0
72105,red,19.0857467651367,-98.2446823120117,Puebla,1.0
72106,red,19.1126861572266,-98.2127151489258,Puebla,3.0
72108,red,19.129280090332,-98.2151489257813,Puebla,3.0
72110,red,19.0952472686768,-98.2309951782227,Puebla,1.0
72114,red,19.0844802856445,-98.2368698120117,Puebla,1.0
72115,red,19.0910549163818,-98.2411346435547,Puebla,1.0
72116,red,19.0924797058105,-98.23193359375,Puebla,1.0
72120,red,19.0765857696533,-98.2461929321289,Puebla,1.0
72124,red,19.0700931549072,-98.2418746948242,Puebla,1.0
72127,red,19.0825748443604,-98.2499923706055,Puebla,1.0
72130,red,19.0727787017822,-98.2366409301758,Puebla,1.0
72135,red,19.0784378051758,-98.2331924438477,Puebla,1.0
72140,red,19.0567665100098,-98.2188873291016,Puebla,1.0
72150,red,19.0708656311035,-98.2556991577148,Puebla,1.0
72154,red,19.0474472045898,-98.2517547607422,Puebla,1.0
72160,red,19.0553169250488,-98.2386016845703,Puebla,1.0
72170,red,19.0681018829346,-98.2559356689453,Puebla,1.0
72176,red,19.0435695648193,-98.2525024414063,Puebla,1.0
72180,red,19.0464763641357,-98.2379608154297,Puebla,1.0
72189,red,19.0535068511963,-98.2330474853516,Puebla,1.0
72190,green,19.0263595581055,-98.2458038330078,Puebla,2.0
72193,green,19.03000831604,-98.2286071777344,Puebla,2.0
72194,green,19.0368900299072,-98.240119934082,Puebla,2.0
72197,green,19.0353755950928,-98.2493438720703,Puebla,2.0
72200,red,19.0804767608643,-98.1806182861328,Puebla,3.0
72210,red,19.0792827606201,-98.1723098754883,Puebla,3.0
72219,red,19.1006946563721,-98.1582641601563,Puebla,3.0
72220,red,19.0740261077881,-98.1693954467773,Puebla,3.0
72223,red,19.0784168243408,-98.1846008300781,Puebla,3.0
72225,blue,19.0726432800293,-98.1459350585938,Puebla,1.0
72227,blue,19.085334777832,-98.1275405883789,Puebla,1.0
72228,red,19.0853595733643,-98.1628265380859,Puebla,3.0
72229,blue,19.0893287658691,-98.1029434204102,Puebla,1.0
72230,red,19.070520401001,-98.1888046264648,Puebla,3.0
72240,red,19.0674819946289,-98.1740798950195,Puebla,3.0
72243,red,19.067346572876,-98.1888046264648,Puebla,3.0
72250,blue,19.057107925415,-98.1656723022461,Puebla,2.0
72260,blue,19.0565414428711,-98.1923217773438,Puebla,2.0
72266,blue,19.0626983642578,-98.1817169189453,Puebla,2.0
72267,blue,19.0631408691406,-98.1764297485352,Puebla,2.0
72270,blue,19.0529823303223,-98.1772308349609,Puebla,2.0
72280,blue,19.0501594543457,-98.1819000244141,Puebla,2.0
72290,blue,19.050386428833,-98.1855621337891,Puebla,2.0
72300,blue,19.054256439209,-98.1540374755859,Puebla,1.0
72303,blue,19.0580673217773,-98.1608505249023,Puebla,2.0
72304,blue,19.0598297119141,-98.1562576293945,Puebla,1.0
72307,blue,19.0673980712891,-98.1461944580078,Puebla,1.0
72308,blue,19.0682239532471,-98.1368637084961,Puebla,1.0
72309,blue,19.0573844909668,-98.1457824707031,Puebla,1.0
72310,blue,19.0572280883789,-98.129020690918,Puebla,1.0
72314,blue,19.0610599517822,-98.1435317993164,Puebla,1.0
72320,blue,19.041467666626,-98.150505065918,Puebla,1.0
72330,blue,19.0491790771484,-98.1620407104492,Puebla,1.0
72340,blue,19.0395355224609,-98.1656188964844,Puebla,2.0
72350,blue,19.033390045166,-98.1444320678711,Puebla,1.0
72359,blue,19.0372428894043,-98.1521759033203,Puebla,1.0
72360,blue,19.0393772125244,-98.1321258544922,Puebla,1.0
72365,blue,19.0322647094727,-98.1379318237305,Puebla,1.0
72370,blue,19.04465675354,-98.1762237548828,Puebla,2.0
72373,blue,19.0396633148193,-98.1799850463867,Puebla,2.0
72377,blue,19.0411834716797,-98.1888732910156,Puebla,2.0
72380,blue,19.0312442779541,-98.1764602661133,Puebla,2.0
72390,blue,19.0264873504639,-98.1372299194336,Puebla,1.0
72400,red,19.040843963623,-98.2328948974609,Puebla,1.0
72403,green,19.0390281677246,-98.2284164428711,Puebla,2.0
72410,blue,19.037914276123,-98.2157669067383,Puebla,2.0
72420,blue,19.0301914215088,-98.2106857299805,Puebla,2.0
72423,blue,19.0366058349609,-98.2076110839844,Puebla,2.0
72424,blue,19.0311374664307,-98.2156524658203,Puebla,2.0
72425,blue,19.0234432220459,-98.2118148803711,Puebla,2.0
72430,green,19.0242710113525,-98.218635559082,Puebla,2.0
72440,green,19.0178070068359,-98.2152557373047,Puebla,2.0
72450,green,19.0294895172119,-98.2244644165039,Puebla,2.0
72453,green,19.0223693847656,-98.2271499633789,Puebla,2.0
72456,green,19.0224208831787,-98.2247543334961,Puebla,2.0
72459,green,19.0247001647949,-98.2268524169922,Puebla,2.0
72460,green,19.010913848877,-98.2443084716797,Puebla,2.0
72464,green,19.0070285797119,-98.2465896606445,Puebla,2.0
72468,green,19.0056247711182,-98.2361221313477,Puebla,2.0
72470,green,19.0044193267822,-98.2228927612305,Puebla,2.0
72474,gold,18.9874992370605,-98.232421875,Puebla,2.0
72477,gold,18.9999313354492,-98.2115631103516,Puebla,2.0
72478,green,19.0082092285156,-98.2208557128906,Puebla,2.0
72480,green,19.0034198760986,-98.2495498657227,Puebla,2.0
72482,green,18.9906616210938,-98.2527160644531,Puebla,2.0
72483,green,18.9998836517334,-98.2513961791992,Puebla,2.0
72484,green,18.9940376281738,-98.2551193237305,Puebla,2.0
72490,gold,18.9818878173828,-98.2538223266602,Puebla,3.0
72492,green,18.9901275634766,-98.2522048950195,Puebla,2.0
72494,gold,18.9675903320313,-98.2232055664063,Puebla,2.0
72495,gold,18.9492740631104,-98.2513198852539,Puebla,3.0
72496,gold,18.9618949890137,-98.2599487304688,Puebla,3.0
72497,gold,18.9465732574463,-98.2348175048828,Puebla,1.0
72498,gold,18.9788475036621,-98.2766571044922,Puebla,3.0
72499,gold,18.9501457214355,-98.2281036376953,Puebla,1.0
72500,blue,19.0289440155029,-98.1920928955078,Puebla,2.0
72501,blue,19.033411026001,-98.1871490478516,Puebla,2.0
72503,blue,19.026834487915,-98.1951751708984,Puebla,2.0
72504,blue,19.0282764434814,-98.1958312988281,Puebla,2.0
72505,blue,19.0314064025879,-98.1917114257813,Puebla,2.0
72510,blue,19.0241088867188,-98.1871337890625,Puebla,2.0
72520,blue,19.018159866333,-98.1801223754883,Puebla,2.0
72523,blue,19.0059509277344,-98.1698837280273,Puebla,1.0
72530,blue,19.0275592803955,-98.198860168457,Puebla,2.0
72532,blue,19.0225658416748,-98.1962814331055,Puebla,2.0
72533,blue,19.0336818695068,-98.1960525512695,Puebla,2.0
72534,blue,19.0266036987305,-98.2108917236328,Puebla,2.0
72538,blue,19.0351734161377,-98.1931762695313,Puebla,2.0
72540,blue,19.0184459686279,-98.1834411621094,Puebla,2.0
72543,blue,19.0192184448242,-98.1886596679688,Puebla,2.0
72550,blue,19.0122718811035,-98.2059936523438,Puebla,2.0
72560,blue,19.0056037902832,-98.1869201660156,Puebla,2.0
72564,blue,19.010612487793,-98.1765670776367,Puebla,2.0
72565,blue,19.0146732330322,-98.1860046386719,Puebla,2.0
72567,blue,19.0180892944336,-98.1929626464844,Puebla,2.0
72570,blue,19.0088329315186,-98.1929168701172,Puebla,2.0
72573,gold,18.9931983947754,-98.1816101074219,Puebla,2.0
72574,blue,19.0004577636719,-98.1822891235352,Puebla,2.0
72575,blue,19.0048332214355,-98.1787414550781,Puebla,2.0
72580,green,19.0108547210693,-98.2141647338867,Puebla,2.0
72582,green,19.0129566192627,-98.2107772827148,Puebla,2.0
72583,gold,18.9858798980713,-98.2063140869141,Puebla,2.0
72587,gold,18.989128112793,-98.2132720947266,Puebla,2.0
72589,gold,18.9962272644043,-98.2056732177734,Puebla,2.0
72590,gold,18.9681510925293,-98.2179946899414,Puebla,2.0
72592,gold,18.9955997467041,-98.1987991333008,Puebla,2.0
72593,gold,18.9862518310547,-98.1983413696289,Puebla,2.0
72594,gold,18.9906921386719,-98.206657409668,Puebla,2.0
72595,blue,18.9776020050049,-98.1607360839844,Puebla,1.0
72596,gold,18.9305572509766,-98.1280822753906,Puebla,1.0
72597,blue,18.9986667633057,-98.1496658325195,Puebla,1.0
72599,gold,18.9829406738281,-98.1979064941406,Puebla,2.0
72670,red,19.1527976989746,-98.3051147460938,Puebla,2.0
72680,red,19.1450157165527,-98.2821350097656,Puebla,2.0
72685,red,19.1326522827148,-98.3072738647461,Puebla,2.0
72700,red,19.0891304016113,-98.2723770141602,Puebla,1.0
72702,red,19.1014270782471,-98.2644195556641,Puebla,1.0
72703,red,19.0777111053467,-98.2915649414063,Puebla,1.0
72704,red,19.10817527771,-98.2736740112305,Puebla,1.0
72705,red,19.0823841094971,-98.2869338989258,Puebla,1.0
72706,red,19.0954437255859,-98.2917251586914,Puebla,1.0
72707,red,19.0893478393555,-98.2733001708984,Puebla,1.0
72708,blue,18.5474090576172,-97.4320220947266,Puebla,1.0
72710,red,19.1459712982178,-98.2377014160156,Puebla,1.0
72712,red,19.1398601531982,-98.2582015991211,Puebla,1.0
72713,red,19.1044597625732,-98.2427749633789,Puebla,1.0
72720,red,19.0868587493897,-98.2501602172852,Puebla,1.0
72723,red,19.0851001739502,-98.2565612792969,Puebla,1.0
72724,red,19.0797920227051,-98.2575607299805,Puebla,1.0
72725,red,19.1526184082031,-98.236457824707,Puebla,1.0
72730,red,19.1014804840088,-98.2539367675781,Puebla,1.0
72733,red,19.1024284362793,-98.2591705322266,Puebla,1.0
72735,red,19.0517692565918,-98.265869140625,Puebla,1.0
72750,red,19.0954685211182,-98.3047866821289,Puebla,2.0
72754,red,19.0550785064697,-98.2703628540039,Puebla,1.0
72755,green,19.067699432373,-98.3067779541016,Puebla,1.0
72756,red,19.0794086456299,-98.279670715332,Puebla,1.0
72757,red,19.07883644104,-98.2731399536133,Puebla,1.0
72760,green,19.0630054473877,-98.3083801269531,Puebla,1.0
72762,green,19.0559978485107,-98.312744140625,Puebla,1.0
72764,green,19.0609741210938,-98.3296051025391,Puebla,1.0
72765,green,19.069299697876,-98.3270111083984,Puebla,1.0
72766,red,19.0865440368652,-98.3239593505859,Puebla,2.0
72767,green,19.0785274505615,-98.3071212768555,Puebla,1.0
72768,red,19.0788726806641,-98.2938613891602,Puebla,1.0
72770,green,19.0397415161133,-98.3856353759766,Puebla,1.0
72772,red,19.0729961395264,-98.2883987426758,Puebla,1.0
72774,red,19.0705680847168,-98.2743988037109,Puebla,1.0
72775,red,19.0728912353516,-98.2678146362305,Puebla,1.0
72776,red,19.0643138885498,-98.2755584716797,Puebla,1.0
72777,red,19.0713233947754,-98.2823486328125,Puebla,1.0
72778,green,19.0608253479004,-98.2983779907227,Puebla,1.0
72788,green,19.0376358032227,-98.3852005004883,Puebla,1.0
72803,green,19.0489768981934,-98.2807540893555,Puebla,1.0
72805,green,19.0625038146973,-98.2893295288086,Puebla,1.0
72810,green,19.0519714355469,-98.2919464111328,Puebla,1.0
72813,green,19.0504894256592,-98.2767944335938,Puebla,1.0
72814,red,19.0589694976807,-98.2775955200195,Puebla,1.0
72815,green,19.0459461212158,-98.303955078125,Puebla,1.0
72817,green,19.0442123413086,-98.3126220703125,Puebla,1.0
72819,green,19.054443359375,-98.2863998413086,Puebla,1.0
72820,green,19.029972076416,-98.2772750854492,Puebla,1.0
72823,green,19.0320339202881,-98.2863464355469,Puebla,1.0
72824,green,19.0374031066895,-98.2574615478516,Puebla,2.0
72825,green,19.0216808319092,-98.2522888183594,Puebla,2.0
72826,green,18.9899654388428,-98.2804870605469,Puebla,1.0
72828,green,19.0046558380127,-98.295295715332,Puebla,1.0
72830,green,18.9994506835938,-98.2627410888672,Puebla,2.0
72836,red,23.9335918426514,-102.5096969604492,Puebla,2.0
72840,green,19.0263557434082,-98.3218154907227,Puebla,1.0
72843,green,19.0317878723145,-98.3180389404297,Puebla,1.0
72845,green,19.0116863250732,-98.3061904907227,Puebla,1.0
72846,green,19.0223751068115,-98.3054885864258,Puebla,1.0
72848,green,19.0397262573242,-98.3411636352539,Puebla,1.0
72850,green,18.9768486022949,-98.3028182983398,Puebla,1.0
72860,green,18.9941883087158,-98.3281326293945,Puebla,1.0
72861,gold,18.9253597259522,-98.3491821289063,Puebla,3.0
72863,gold,18.9262809753418,-98.318115234375,Puebla,3.0
72864,green,18.9839305877686,-98.3243103027344,Puebla,1.0
72867,gold,18.8549938201904,-98.3300170898438,Puebla,3.0
72900,red,19.1579761505127,-98.099967956543,Puebla,3.0
72943,blue,19.079216003418,-98.0976715087891,Puebla,1.0
72960,gold,18.9461555480957,-98.1616592407227,Puebla,1.0
72967,gold,18.9450435638428,-98.2601470947266,Puebla,3.0
72968,blue,19.0515460968018,-98.1748657226563,Puebla,2.0
72970,gold,18.8536472320557,-98.1635437011719,Puebla,1.0
72971,gold,18.9019641876221,-98.222297668457,Puebla,1.0
72973,gold,18.8852462768555,-98.1990051269531,Puebla,1.0
72975,gold,18.8848495483398,-98.1831665039063,Puebla,1.0
72977,gold,18.8539600372314,-98.1884994506836,Puebla,1.0
72978,gold,18.8481922149658,-98.2000427246094,Puebla,1.0
72980,blue,19.0420074462891,-98.0447463989258,Puebla,1.0
72983,blue,19.0487194061279,-98.0167770385742,Puebla,1.0
72984,blue,19.0674610137939,-98.0662384033203,Puebla,1.0
72985,blue,19.0732803344727,-98.0381546020508,Puebla,1.0
72986,blue,19.0335903167725,-97.9980621337891,Puebla,1.0
72987,blue,19.0259609222412,-98.0263977050781,Puebla,1.0
72988,blue,19.0111427307129,-98.0813369750977,Puebla,1.0
72989,blue,19.0064373016357,-98.1237106323242,Puebla,1.0
72990,blue,19.0483417510986,-98.0927963256836,Puebla,1.0
72992,blue,19.0423145294189,-98.0870971679688,Puebla,1.0
72993,blue,19.0470390319824,-98.1245422363281,Puebla,1.0
72994,blue,19.048957824707,-98.0746002197266,Puebla,1.0
72995,blue,19.0347671508789,-98.1186676025391,Puebla,1.0
72996,blue,19.0432395935059,-98.0826797485352,Puebla,1.0
72997,blue,19.0621299743652,-98.0911865234375,Puebla,1.0
74160,red,19.1611633300781,-98.4059448242188,Puebla,2.0
74162,red,19.1308860778809,-98.4848175048828,Puebla,2.0
74165,red,19.1982669830322,-98.4397354125977,Puebla,2.0
74166,red,19.1616439819336,-98.4186019897461,Puebla,2.0
74167,red,19.2013397216797,-98.4199066162109,Puebla,2.0
74168,red,19.1277275085449,-98.3706436157227,Puebla,2.0
74169,red,19.2128582000732,-98.3768081665039,Puebla,2.0
